candidate,time,URL,Message,友善職場,經濟支持,教保環境,other,no_policy,manual_label
黃珊珊,2022-11-11 21:48:37 CST,https://www.facebook.com/100044528885416/posts/668786857948938,投給最有料的候選人，台北就會贏。 ​ 上次辯論會，我們看到藍綠問Ａ答Ｂ的極致。問起花了7.9億，卻只開了一次會的少子化辦公室，時任衛福部長 陳時中 閃躲到底，而 蔣萬安 作為立委，也完全失去監督功能。這樣的他們談起育兒政見，毫無說服力可言。 ​ 談到台北目前的限電進行式，藍綠給我們的答案，竟然是「綠電」、「電動公車」，以及請大家「省電」，很明顯地，他們束手無策，還把所有選民當成傻子。 ​ 從參選到現在，我已經開了11場政見發表會，從放眼台北20年發展的 #首都進化雙軸線 ，到居住正義、都更、淨零碳排、能源、市民健康、文化、長者照護、教育到育兒，我全部都向市民報告過我的願景。 ​ 每一項都清晰可行，只要我回去上班，全都可以立即執行。 ​ 台北市民們，這就是我與藍綠的不同，請選擇最有料的候選人，請選擇一個認真的公僕，台北就會贏！ ​ 明天下午14:00，請鎖定台北市長候選人公辦政見發表會，我會向大家報告，我對台北未來的每一項願景，請大家準時鎖定直播，謝謝大家！ ​ #黃珊珊 #八號黃珊珊 #台北市長公辦政見發表會 #TaipeiK33PGoing #偉大市民齊步共贏,,,,,1.0,5
蔣萬安,2022-10-02 15:50:14 CST,https://www.facebook.com/100044398990795/posts/646821976807763,此時此刻，我們經歷了類似的過去，也會共創美好的未來 👨‍💼過去，我曾經失業；受到2008金融風暴影響，在美國遭到律師事務所裁員；謝謝老婆的體諒，我們夫妻縮減開支、改租便宜的房子、連手機月租費都精打細算；投了幾百封履歷，才得到重回職場的機會。 所以我不允許任何人侵犯 ＃勞工權益，2017年用冗長發言抵制民進黨把勞基法修惡，成為勞工朋友口中的「站神」。 👨‍🦽過去，我沿著無數棟老公寓樓梯向民眾懇託，看過許多行動不便的長者，被困在沒有電梯的房子裡 ＃老屋囚老人，靠著兒女肩背才能冒險上下樓。 所以我要擴大推動 ＃都市更新，這是為了結構安全，也是要還給長輩一個自由進出的天地。 👨‍👦‍👦過去，在大兒子出生十年後，我和太太想透過試管療程再拼個二寶，看著她每天辛苦打針吃藥，承受不適跟副作用，還要面對「開獎落空、一切就重來」的壓力。 所以我向衛福部爭取 ＃擴大不孕症補助適用對象，改善社會少子化，也造福更多人群。 👨‍👩‍👦‍👦現在，我即將成為 ＃三寶爸 我知道每個孩子的誕生，都是上天對全家的祝福，但也是經濟上的現實壓力。 所以我推出「＃催生、＃助養、＃好住」獎勵生育，除了提高生育獎勵跟學費補助，也要讓符合條件的二寶家庭優先入住社宅。 🚀我也知道教育是父母最掛心的事，所以我結合矽谷工作經驗，要推動 ＃STEAM辦公室，讓台北的孩子充實科學跟藝術涵養、還要幫孩子打造 ＃無邊界教室 連結國際。 任何挫折跟壓力，都不會讓我屈服，反而會成為我服務市民的養分。 此時此刻，讓我們攜手同行，你加台北，就是無限！ ＃台北隊 ＃相關政策請見留言區,,1.0,1.0,,,"2, 3"
蔣萬安,2022-06-25 13:00:04 CST,https://www.facebook.com/100044398990795/posts/579560543533907,【#萬安日誌｜說愛永遠不嫌遲💕 做女性朋友最有力的靠山】 今年的母親節碰上疫情高峰，許多鄰里的慶祝活動都延期甚至取消。好在現在疫情稍微趨緩，我們「尚介認真」的徐信洲里長，也趕快把握時間，在今天補辦活動，向最可愛的姊姊妹妹們表達祝福和感謝！ 擔任立委六年多來，我一直在衛環委員會積極為婦女朋友爭取權益。無論是在職場的平等上，或是育嬰育兒各項措施、守護婦女人身安全，像是《跟騷法》的制定，都一一具體實現，要做大家最有力的靠山💪 祝福全天下的姊姊妹妹永遠青春美麗，在各自的領域實現自我、發光發熱，用女力撐起整片天！ #打造台北隊 #TeamTaipei #蔣萬安,,,,,1.0,5
陳時中,2022-11-06 10:49:54 CST,https://www.facebook.com/100720289384352/posts/144346258355088,"讓政策照顧到更多需要被照顧的人，就是我從政的初心。#擴大不孕症補助 從去年7月開始施行，至9月已逾32,300人獲補助，並成功誕生約4,600名寶寶，累計到今年年底，可望誕生近萬名新生兒。 ​ 許多朋友想要生孕孩子的熱切期待，以及求子過程中的辛酸，我能理解，因為每個孩子對父母來說，都是愛的希望象徵。讓政府和我們一起來幫忙，你不必再孤單的努力。我在擔任衛福部長期間，就積極研議並推動不孕症補助，希望能實際滿足一些想要生孕，又沒有辦法達成的朋友。 此外，我們也針對經濟弱勢給予協助，擴大不孕症補助不排富，必須全部給付，平等對待才能真正幫到所有人的忙，確實改善少子化趨勢與整體社會人口的年齡結構問題。 ​ 改善少子化問題，我最用心；我當市長，會讓台北成為充滿父母與孩子歡笑聲的愛兒城市。",,1.0,,,,2
陳時中,2022-10-03 11:47:35 CST,https://www.facebook.com/100720289384352/posts/134195942703453,"照顧更全面、家庭更輕鬆。為打造更友善的育兒環境，政府先前推出 #0到6歲國家跟你一起養 政策，育兒津貼調高至「每月5,000元」，已於今日入帳。盼透過實質補助，減輕爸媽的負擔。 ​ 我在擔任衛福部長任內，就開始積極推動有效且創新的催生方案。此次，除了配合蔡英文 Tsai Ing-wen總統的育兒津貼政策，我還希望做得更多，讓媽媽們孕產過程更安心。因此，未來將建立爸爸友善育兒支持圈，並「增加3萬6千元的坐月子補貼」。 ​ 另外，也為新手爸媽提供公衛護士家訪、設置產後憂鬱症諮詢與育兒指導員到府服務，讓所有爸媽能放心迎接寶寶。針對生產後協助母親的月嫂制度，我們也會積極處理。最後，透過日夜臨托申請、增加2歲幼幼班、公私協力推動在校安親、擴充保母來源，讓生育養無負擔，這都是我們要努力的目標。 ​ 爸爸媽媽的辛苦，我都知道，政府來幫忙，讓大家能夠生、想要生、養得起，做家長們的神隊友。",,1.0,1.0,,,"2, 3"
林佳龍,2022-08-27 14:05:04 CST,https://www.facebook.com/100044464388138/posts/620231172802357,青創大發展！育成基地助推國際交流​ ​ 昨天，佳龍在板橋從早拚到晚，與 山田摩衣 透過座談會和鄉親互動，立委 張宏陸 、 羅致政粉絲團 ，前立委謝欣霓、市議員 何博文 、 李坤城 新北市議員 ，市議員參選人 卓冠廷 、 陳乃瑜 美人瑜媽媽 也都來助講，一起和市民朋友說明，我們 #青創大發展 的願景！​ ​ 新北市是很多人的新故鄉，有許多人來此創業成家，因此，我提出 #青創育成基地 政策，一年要讓 108 組有夢想的團隊，進駐新創共享辦公室，並促成 100 個新創案件，更要推動國際語言交流、吸引國際招商引資，讓新北成為國際化的青年創業基地。​ ​ 對於選擇在新北成家的新婚夫妻，我也提出每戶 10 萬元的成家基金、3 萬元女性凍卵補助、托幼專班以及育兒津貼補助，為年輕人減輕家庭經濟負擔，也顧好我們的下一代。​ ​ 新北絕對能超越台北，我若擔任市長，會從完善交通建設開始，來帶動產業投資、提升社會福利、帶起生活品質，讓年輕人敢創業、敢成家，城市也會更有競爭力和足夠實力，來成為引領北台灣首都圈的火車頭！​ ​ 隨著選舉日漸漸接近，我會加速衝刺，用政策、用實績、用行動，爭取更多市民朋友們的支持，請大家與我同行，年底一定要翻轉新北！,,1.0,,,,2
黃珊珊,2022-11-09 21:03:37 CST,https://www.facebook.com/100044528885416/posts/504487651603229,今日主題，幫助年輕爸媽敢生敢養！ 生育補助、公共化托育提升到80%、私幼補助13660提升到54640 居住正義：持續興建社宅，只有社宅的數字足夠 才能平抑租屋市場價格，目前台北市興建社宅是六都第一 之後還會興建未來宅，讓長輩搬到有電梯的社宅 舒舒服服地等待新居落成！,,1.0,1.0,,,"2, 3"
黃珊珊,2022-09-06 13:19:07 CST,https://www.facebook.com/100044528885416/posts/618595722968052,今天向各位報告，台北市 #都市再生 的新樣貌，#台北未來宅。​ ​ 過去八年，我們成功推動延宕20年的市場改建、市集與攤販管理，但未來的挑戰依舊艱鉅：台北市屋齡30年以上的老屋高達64萬戶，同時有70%的校舍，約156間學校有改建需求。​ ​ 河岸一帶的中正、萬華、大同、士林、北投，是台北市較早開發的聚落，同時國中小校舍屋齡也超過50年，這代表學校、河岸的都市更新、學生與長輩的受教與居住安全，就是下任台北市長得面對的重大挑戰。​ ​ 今天，很榮幸可以邀請水源二三期理事長范秀華、信維整宅主委廖廣志，以及我的政策總顧問，前內政部長李鴻源，一起見證台北市都市再生的未來願景。​ ​ 📌都市更新TOD＆EOD＆ROD：​ ​ 目前落成的心中山、心雙連線型公園，以及未來的 #光鏈大道，就是TOD導向的開發，將來將一路延伸至關渡，同時士林站的TOD計畫，也將在2024年完工；而EOD的校舍改建，將整合托嬰、托幼與長照機構，或是變成 #都更中繼宅 ，提供鄰近的都更住戶入住。​ ​ 最後，河岸導向都市再發展策略（ROD），將以最高兩倍的容積獎勵促進都更，加上 #艋大大計畫 ，打造台北的優質水岸社區。​ ​ 📌拆除一殯，改建二殯：​ ​ 我當議員24年來，第一殯儀館遷移講了好久，但是從來沒有成功落實，為什麼？因為沒有地方可以遷移，也沒有另個殯儀館能負擔全台北市的殯葬需求。​ ​ 還有個問題，就是喪禮祭拜時，祭壇與儀式常常散落在市區內，例如臥龍街與民權東路，這造成住宅區的困擾，所以接下來的目標很簡單，統合禮儀服務需求，就能照顧市民的居住權益。​ ​ 二殯改建預計明年完成，到時將即刻拆除一殯。此外，二殯也將規劃興建殯葬禮儀服務專區，讓市民能有完善的空間，莊嚴地送故人最後一程，並同時改善台北市整體市容。​ ​ 最後，在都市計畫變更前，一殯用地無法進行其他建設，因此我們會先做綠化，保留素地休養生息。等到變更通過後，再透過公民參與、凝聚社區共識，與市民一起決定未來發展。​ ​ 📌台北未來宅：​ ​ 未來宅會兼具「加速都市更新」、「青年居住正義」及「全齡住宅照顧」三個面向的功能，還能當作中繼住宅，加速周邊地區的都更進程，更清楚地説，台北未來宅的機制有四點特色：​ ​ 一、訴求低碳、環保、節能，強調住宅安全與防災。​ ​ 二、採用「中繼住宅」模式，提供鄰近地區老舊房舍的屋主入住，釋出的老舊住宅則整併成社會住宅，或是以包租代管的方式，提供青年族群承租。​ ​ 三、以社區生活概念整體規劃，滿足全齡在地居民的生活所需，達到產業轉型之政策目標。​ ​ 四、都更紅利由市民共享，未來宅將訂定不同容積額度，鼓勵公私合作，以增加準公共設施或公共設施的供給，還可區分三種模式：​ ​ 1.現行的以租代購模式繼續推動，包租代管讓青年人承租。​ 2.以租轉購：若年輕朋友長期承租(如20年後)，則有機會取得房屋地上權，已繳租金則轉為頭期款，市政府也針對認購租戶給予購屋獎勵，協助其降低購屋負擔。​ 3.以房養老：取得房屋地上權後再釋出，使用者再轉為承租模式，年長者則可藉此方式獲得生活所需費用。​ ​ 最後我要強調，未來宅是「公辦租售」的模式，由市政府單一窗口管理，以合理價格出租、出售及收回。即使市民想要轉手地上權，也只能由市政府購回，所以絕不會有圖利個人或財團的問題，我要實現的，是全年齡的居住正義。​ ​ #TaipeiK33PGoing​ #偉大市民齊步共贏​ #黃珊珊 #都市再生,,,1.0,,,3
蔣萬安,2022-11-15 14:09:21 CST,https://www.facebook.com/100044398990795/posts/680703866752907,今天我的「#牽手」舫亘，帶著還在肚子裡的「#三寶」當我的分身。 我和我的「牽手」舫亘相識、相愛，兩人步入禮堂、走進家庭成為父母，已經超過20個年頭，互相扶持的8000多個日子裡，有許多辛苦、但有更多的幸福。 我永遠記得，金融海嘯失業那天回到家，舫亘拍拍我的肩膀，輕輕地說「別擔心，我養你」；第一次選立委，和舫亘兩人傻傻地，把「蔣萬安」印成A4紙，別針別在衣服上，手拉著手就上街拜票。 過去我的兩次立委選舉，舫亘總是陪在我的身邊，盡她所能地給予我精神、行動上的鼓勵與支持。 即便這次舫亘懷有身孕，她仍不希望缺席，非常希望能在最後關頭做些什麼，在她的百般堅持下，才有今天的「#牽手作夥行」。 「人生低谷的時候，有妳陪著我攜手前行；披星戴月的生活，有妳點著燈光、煮一碗麵等我回家。」 我想對舫亘說，謝謝妳當我的「牽手」，我會繼續牽著妳的手。 #6號蔣萬安 #你加台北就是無限,,,,1.0,,4
蔣萬安,2022-05-30 17:30:00 CST,https://www.facebook.com/100044398990795/posts/562667065223255,【萬安日誌｜請益郝市長！爭取國際級賽事讓台北站上世界舞台】 「台北一定要跟世界先進城市比，將台北的名字放上世界地圖！」 郝龍斌市長任內，不只完善許多台北的基礎建設，更成功辦理花卉博覽會、聽障奧運，建構台北市有能力舉辦大型國際賽事的基礎；而當時聽障奧運的場館維修、整建，更奠定了後續舉辦世大運的根基，讓台北能夠一次又一次站上國際舞台！ 今天上午我特別拜會郝市長，他提到，台北身為首都，一定要跟世界先進城市比，更需要一位有國際觀的首長，「辦大型活動不只是為了辦，更重要的是將台北的名字放上世界地圖！」接下來應該持續規劃、爭取國際賽事及展覽，一棒接一棒；我也強調，未來我一定和所有台北市民攜手共組「台北隊」，讓台北站上世界頂尖都會的行列。 事實上，郝市長任內還推動了非常多政策，到現在市民朋友仍很有感。像是「祝你好孕」政策中的育兒津貼，以及一區一個親子館、一區一個托嬰中心，逐步為台北市建立友善生育環境，也給予全職育兒家庭支持協助。 此外，「市民當家熱線1999」也是郝市長時期設立，讓台北市政府從「管理型」轉變為「服務型」，成為全國地方政府仿效的對象，更時時刻刻考驗著市府團隊為民眾解決問題的執行力！郝市長也勉勵我，接下來應該重整現在的1999熱線，讓民眾的需求能夠真正與市府施政對接，更可以避免市府的「末梢神經麻痹」。 這不是我近期唯一一次拜訪郝市長，每次都能在市政上獲得很多提點、獲益良多；適逢端午前夕，今天更收到郝市長的「包中」祝福。未來我請益的腳步不會停歇，絕對要讓台北不只是六都之一，更是帶領台灣衝向國際的領頭羊。 #TeamTaipei #打造台北隊 #蔣萬安,,1.0,1.0,,,"2, 3"
黃珊珊,2022-10-26 16:21:41 CST,https://www.facebook.com/100044528885416/posts/656126209215003,社福願景，就是城市對市民幸福的承諾，這是我最在乎的事情。 ​ 很榮幸能參加台北市立福利聯盟的社福政策白皮書發表會，我擔任副市長時，就主政社會局相關業務，作為首都市長候選人，我必須向各位社福界的前輩，報告我對社福的未來方針。 ​ 🎯長者福利上，我們要讓長者更加健康，才能降低失能失智的風險，從根源上減輕長照的負擔。所以，我計劃興建 #高齡運動中心 ，讓長輩可以用敬老卡的點數去請年輕教練。 ​ 此外，台北地狹人稠，我們會透過都更，以及盤點空閒市有地，努力興建 #住宿型長照機構，例如即將展開都更的水源二三期，就會增設長照機構，去照顧社區的所有長輩。 ​ 🎯青年成家的部分，除了居住正義，持續興建社宅並推動高齡換居，我的目標是讓青年「樂婚、願生、能養」。除了給予第三胎最高3萬的生育獎勵金，幼教公共化比例提升至80%，如果抽不到公托，我們也有每年54640的學費補助。 ​ 爸媽把小孩送托，最擔心的還是小孩的安全。所以我們非常注重幼教環境與師資品質，計畫將師生比降到1:12，讓小孩有最好的照顧，也減輕老師的負擔。 ​ 🎯婦女政策上，我自己就是單親職業婦女，明白育兒與工作上的拉扯，以及女性為了家庭的掙扎與犧牲。第一個，我認為台北必須要有更多平價托嬰中心，同時鼓勵民間企業讓男性育嬰留停，讓父親一起分擔親職工作。 ​ 此外，針對中高齡與身心障礙婦女，我們也會推動12區聯醫產檢無障礙空間，以及各公私立場館友善托育哺乳的環境。最後，也會繼續落實月經平權，補助國中學生女性生理用品。 ​ 最後，我必須強調，社福是高度專業的產業，台灣面臨高齡少子化的挑戰，為了讓長者有尊嚴地樂活，為了讓青年揚眉吐氣，同時為了給下一代更好的未來，我希望與所有前輩一同繼續努力，我準備好了！ ​ #黃珊珊 #八號黃珊珊 #TaipeiK33PGoing #偉大市民齊步共贏,1.0,1.0,1.0,,,"1, 2, 3"
蔣萬安,2022-09-22 19:41:25 CST,https://www.facebook.com/100044398990795/posts/639063027583658,大家知道我是矽谷律師，但也許不知道我曾經失業過。 昨天下午，我到世新大學分享職涯經驗、晚上再跟年輕人研討青年政策；我告訴同學們，想要打造好的政策環境，最重要的就是「#同理心」。 正因我的職涯遭遇過挫折，所以能懂勞工跟年輕人的焦慮。 在2008年金融風暴時，我被美國的律師事務所裁員，我記得那天回到家心情忐忑，但老婆很霸氣的說「#不用怕，#我養你」。 為了節省開銷，我們趕緊換了間租金比較便宜的房子、降低手機跟網路的資費，也減少了外食，就是為了渡過我的職涯寒冬。 我知道，每一個地方都有需要被幫助的人正在無聲吶喊。 當我的角色是「#民意代表」，我就會代表這些族群，把「#無聲的吶喊」轉換成「#有力的呼籲」；所以我當過勞權站神、支持同性婚姻合法化、聲援香港民眾，現在更全力支持18歲公民權修憲複決。 而如今，我想為世界做更多！ 我跟世新的同學們分享了「#西南偏南(SXSW)」展會是如何翻轉默默無聞的美國小城；而台北要如何從中汲取經驗？ 我也跟昨晚一起討論政策的朋友們，分享我對青年創業、鼓勵生育的政策擘劃，更逐一討論了五個精彩的政策提案。 今天的台北，已經讓很多年輕人喘不過氣； 而我相信，只要有好的政策引導，就可以重新點燃青年對台北的嚮往。 我一定要讓未來的台北， 重新成為年輕人實現夢想的應許之地。 #你加台北就是無限 #台北隊,,,,,1.0,5
陳時中,2022-11-05 15:06:03 CST,https://www.facebook.com/100720289384352/posts/143996185056762,少子化是國際趨勢，台灣也面臨這樣的困難，政府除了重視，更持續努力改善。不過，近年來台北市人口從270萬減到246萬，流失狀況相較於其他城市嚴重許多，我認為台北市應通盤檢討整體鼓勵孕產、支持育兒的政策問題。 ​ #零到六歲國家一起養 這個政策在蔡英文 Tsai Ing-wen總統揭示出來後，我們對於各種補助一步步都盡量做好。 ​ 在鼓勵孕產的部分，我們有補助人工生殖、冷凍胚胎，盡力增加可能的機會，我更提出全年齡的照顧，甚至協助身心障礙的朋友生養。 ​ 在支持育兒的部分，除了媽媽們的親職教育，也鼓勵爸爸們也要參與；我會讓育兒指導員，進入小家庭，增加幫手。坐月子36000元的補助，可照顧好媽媽們的身體。未來在托育部分會持續加強，台北確實有托育名額不足的問題，因此，我們要增加1000個名額，讓更多人可以使用。此外，我會增加2歲專班、設置社區親子館、公私協力推動在校安親，種種都是要讓大家在育兒上能夠更安心。 ​ 只要把這些政策做好，配合近年來國家中央的人工生殖補助，加上父母能有臨托體系支持，父母就會敢生，未來少子化就會漸漸得到緩解。,,1.0,1.0,,,"2, 3"
陳時中,2022-07-29 10:00:27 CST,https://www.facebook.com/100720289384352/posts/113515908104790,原來，這就是任重道遠的感覺。在松山區鵬程區民活動中心的相見歡活動中，我挑起朋友送的扁擔，扛起市民的託付，責任來我就扛，而且扛到底。​ ​ 這幾場相見歡活動看到很多爸爸媽媽帶著小朋友來，他們對台北的未來充滿期待。我認為要讓台北成為孩子快樂、父母也快樂的城市，政府有責任協助大家走過人生不同階段。政府投入預算，提供各項津貼補助，具體減輕民眾負擔，營造友善的育兒與托育環境。讓所有願意生的爸媽能安心生、放心養，政府來當爸媽的神隊友，幫忙照顧每一個孩子。​ ​ 我的人生哲學就是盡責，互相尊重傾聽，整合協調快速行動。無論做人、做事、還是做市長，一定都會有分寸。意見不同就要用心溝通，發揮「把事做好」的精神。​ ​ 不管是競選期間，或是未來有機會為市民服務，若是看到我，叫我「阿中」就好了，跟朋友共款，咱做伴為台北拍拚。,,1.0,1.0,,,"2, 3"
蔣萬安,,https://www.facebook.com/100044398990795/posts/623055969184364,相較其他兩位對手，我沒有龐大的行政支援，沒有豐沛的競選經費，但我有的就是用雙腳，一步一腳印，積極的勤走。 這段時間，我頻繁地走訪鄰里，參與活動，和市民朋友零距離的互動，來到夜市、市場，和每位攤商大哥、大姊請益、懇託，在面對面的交流中，感受到大家對於「讓台北更好」的期盼。 我也針對大家所面臨的包含都市更新、居住、房價、年輕朋友就業，還有年輕爸媽擔心孩子抽不到公托、公幼等許多問題，一一提出解方。我們一直在做、也會持續的做，一點一滴爭取更多市民朋友的認同跟支持。 您的支持就是我最堅強的後盾！如果您也認同我的理念，懇請透過小額募款方式，我們一起共組「台北隊」！從現在開始、從台北開始，成就未來的無限可能♾️ ✅捐款方式一 - 蔣萬安政治獻金專戶 戶名：111年臺北市市長擬參選人蔣萬安政治獻金專戶 銀行：台灣銀行（代碼 004）群賢分行 帳戶：162001008397 ✅捐款方式二 - 小額捐款平台 https://donate.newebpay.com/wanan2022/chiangwanan ⚠️溫馨提醒：若以非小額捐款平台，如郵局、金融機構匯款至專戶，麻煩請填寫此表單 https://forms.gle/FjRCug9qD3mXpb7y6:=:https://docs.google.com/forms/d/e/1FAIpQLSd2mcdv6LTKa6ed5m_d4HEuiyL7g0SjAHAsab90MVkWN-bSvg/viewform?usp=embed_facebook 若有任何問題，歡迎於上班時間（10:00～18:00）來電洽詢：0983-371-423 莊小姐 #你加台北就是無限 #TeamTaipei #蔣萬安,,,1.0,,,3
蔣萬安,2022-07-23 14:00:01 CST,https://www.facebook.com/100044398990795/posts/598488831641078,年輕，就要勇敢地嘗試！ 青壯年人口流失，「脫北潮」已經是現在進行式！昨天我在中廣論壇「Team Taipei 聽台北」訪問台北市議會雙帥，台北市議員 李柏毅和李明賢 -阿賢之聲議員，針對年輕朋友遭遇的住房、就業跟交通問題，有很多討論。 明賢議員提到，台北市除了總人口減少，出生跟結婚的比率也再下滑，未來我們應該針對單身青年、新婚育兒等不同族群，提出更多元的租屋補貼方案，更要加快社會住宅的建設和都更的審議速度，讓年輕朋友能在台北落地生根。 另外我自己感受很深刻的是，過去在國外唸書的時候，他們相當重視實習制度，同學們在進入職場之前，就可以累積實務上的經驗，為就業做好準備。柏毅的建議很好，未來市府可以帶頭做起，與業者合作，提供更多實習機會，讓同學們畢業後不再徬徨。 另外蠻多年輕朋友和我反應，台北市缺乏即時、共享的休閒空間。我認為未來可以參考民間經驗，將青少年活動空間去中心化，加速盤點各區閒置的公有空間，打造城市創意學習空間平台，未來大家只要點開台北通App，就可以查詢自己周圍有哪些活動空間可以使用。 一個城市要進步，必須能夠留住人才，讓青年發揮所長。我希望未來的台北，是一座有活力、有創造力的城市，青年+台北就是希望無限♾️ #市政台北隊 #你加台北就是無限 #TeamTaipei #蔣萬安,,1.0,,,,2
蔣萬安,2022-10-01 20:01:16 CST,https://www.facebook.com/100044398990795/posts/646123773544250,台北隊，號角響起！ 今天出席四位台北隊優秀戰將的競選總部成立大會 李明賢 -阿賢之聲（#內湖南港）是最認真的「交通議員」，爭取Ubike2.0全議會第一、還推動港湖路平專案、民權大橋整建，是車友口中「#最挺機車的議員」；另外他也是運動健將，不論單車、馬拉松都成績傲人；市民需要一席認真有活力的議員，跟我一起解決內湖交通問題。 陳重文-臺北市議員 （#士林北投）的本屆議員任期舉辦5000件會勘，服務用心看得見；還在士林北投推動「高齡運動班」跟「高齡健康前瞻中心」，全力照顧失能失智、肌少症的長輩；現在持續推動洲美快速道路（福國段）、士北科技園區周邊的交通建設；這麼用心的議員，是士北的關鍵一席。 台北市議員 張斯綱（#士林北投）有醫藥領域歷練，第一次當議員就會勘、法律服務成績傲人；質詢時多次要求推動好孕專車、生育補助；他連任後將推動士林科技園區交通總體檢、降低公辦都更門檻、符合條件的二胎父母優先住公共住宅等；斯綱和我政見不謀而合，台北的未來需要他跟我一起拚。 柳采葳（#中山大同）是31歲的新人，過去是TVBS主播，長期關注社會不公不義；這一次，她決定跟我一起為市民打拚，她當選就要推動全齡適用的「通用設計」，包括共融公園跟通用設計社宅，還要增設樂齡照顧中心；還要健全幼托人力及育兒津貼，用年輕女性的觀點，為市民爭取福利。 四位議員參選人都是台北隊重要的一員，都是未來跟我一起攜手改變台北的戰將，請大家全力支持，給台北一個翻轉的可能！ ＃你加台北就是無限 ＃台北隊,,1.0,1.0,,,"2, 3"
林佳龍,2022-08-31 09:48:32 CST,https://www.facebook.com/100044464388138/posts/622821785876629,打造安心生活，新北社福再升級！ 昨天完成參選登記之後，一刻也沒有停下來，接連趕往蘆洲、三重參加「新北大翻新，議員逗陣拚」座談會！議員候選人 邱婷蔚《咱自己ㄟ查某子》 在三重的場次，發揮創意與熱情，以見面音樂會形式舉辦，我還應邀上台合唱台語金曲《贏你喲》，獲得熱烈的掌聲。 感謝 蘇巧慧委員、 吳秉叡 委員、 何博文 Ho Po-wen 主委、 李坤城 新北市議員，和我們一起，陪著鄉親度過圓滿熱鬧的夜晚！ 當然，除了唱歌之外，更重要的是向鄉親們說明青年、社福的政見。現在新北市的社福預算不如台北、桃園，但是，新北市民值得更好的社會福利。我上任後，一定會讓社會福利「升格又升級」。 除了中央的長照 2.0 預算增加、 蔡英文 Tsai Ing-wen 總統支持的24小時住宿型長照中心、0-6 歲國家跟你一起養、育兒津貼等國家級政策之外。未來我們還要增加 300 班「2-3 歲公幼專班」、發放一戶 10 萬元「青年成家基金」，讓新北市的年輕人不只敢結婚，還願意生養小孩；長輩們的福利也不能少，我們會補助 65 歲以上長者免費裝假牙、增加敬老愛心卡點數並擴大使用範圍。 選舉開跑後，我參加的每一場議員逗陣拚座談會，支持者都非常熱情參加，在座談會上分享的社福政策，也獲得鄉親很大的迴響。 我有信心，之後會跟 37 位議員候選人合作辦更多活動，提出更多的政見，贏得鄉親的支持，11 月 26 日就要一起新北大翻新！,,1.0,1.0,,,"2, 3"
陳時中,2022-08-02 11:03:07 CST,https://www.facebook.com/100720289384352/posts/115064787949902,朝野合作為人民謀福祉，經過不斷的溝通，凝聚共識，最後制定出對人民有利的政策 —— 這就是民主制度最珍貴的地方。​ ​ 擴大不孕症治療補助，支持與協助不孕夫妻生育願望，減輕進行試管嬰兒期間的經濟負擔，是我投身政務時推動的重要政策之一。即便在推動立法的過程中，不時面對國民黨的干擾或杯葛，但政府的存在，就是為了人民的幸福來努力，幫助人民解決問題。政策的執行，向來都有一定難度，我們持續努力，經過無數次與國會協調，最後順利通過，是全民的勝利，不會是一個人的功勞。​ ​ 來到大同區的迪化公園，議員送我一根「不求人」，期許市政抓到關鍵點，全力在對的事情上努力。未來，我初心不變，堅持尊嚴優先、市民優先、弱勢優先的原則；並聽取各方意見，與中央協力，致力於跨縣市區域合作，同心守望這片土地，攜手迎接嶄新的未來。​ ​ #把事做好​ #台北更好​ #台灣共好,,1.0,,,,2
蔣萬安,2022-11-02 22:04:40 CST,https://www.facebook.com/100044398990795/posts/671121077711186,大家都知道我是 ＃勞工立委，在國會面對勞權大小戰役，不管是一例一休、職災保險的修法，我都堅定站在勞工及工會立場，幫助小蝦米對抗大鯨魚，因此被稱為勞權「＃站神」。 週日大雨滂沱，我在各大工會夥伴及勞工朋友的見證下，推出為台北市量身訂做的勞動政見。 ＃勞動政見說明 👨‍🏫深化多元勞教 1⃣青年勞教扎根校園 2⃣新設立公司雇主4小時勞教 3⃣安排職災工人現身說法 4⃣市府及公營事業會員每年8小時公假參加勞教 👨‍👩‍👧‍👦完善職場托育 1⃣盤點市有不動產，增加公托設施 2⃣增加2歲專班 3⃣依法檢討教保人員待遇 🧑‍💻協助青年揚才 1⃣為青年投保傷害及醫療險，提供就業前保障 2⃣青年適用尋職津貼期間，提供共享運具折價券 3⃣公私協力開設企業所需職訓課程，幫助青年對接產業人才需求 🧑‍💼提高勞動參與率 1⃣輔導因照顧長輩而離職的市民重返職場，有意投入長照的市民，協助取得長照服務人員資格 2⃣針對因婚姻、育兒離開職場的市民，開設職訓課程 🪜保障職業安全 1⃣補實勞檢員員額，改善勞檢員留才；針對長工時多職災產業加強勞檢 2⃣擴大招募職災個案管理員FAP ⚖強化勞工後盾 1⃣修正勞工權益基金運用自治條例，擴大補助案件類型，強化勞工權益保障 2⃣為市府雇用的高危險職類人員額外投保意外險 🫂促進勞資協商 1⃣輔導勞工成立、加入工會，鼓勵雇主與工會簽訂團協 2⃣促進平台商家外送員溝通協調，保障外送員權益 🙆‍♀️提升勞動權益： 1⃣全力補足預算員額 2⃣市府雇員辦理業務原則上不委外 3⃣持續檢討市府運用勞務承攬情形 4⃣強化台北市勞資政社會對話 ＿＿＿＿＿ ＃承諾環保局企業工會六大訴求 👨‍🔧業務不委外：環保局業務以不委外為原則，如有實質需求，應跟工會協商 💪人力要補足：依照實際需求及預算員額，儘速補足人力 ⏱夜點要落實：依規定落實22:00-06:00出勤者領取夜點獎金 ⛑安獎要提高：安全獎金長年不調整，將向中央爭取提高安獎，讓同仁減少後顧之憂 🧹清獎拼第一：清潔獎金持續爭取優予編列 ⛈復舊要獎勵：極端氣候造成更多災情，需要環保局同仁清理排除，應優予編列 勞工是推動社會運轉的無名英雄，現在從立委到市長候選人角色轉換，我一定會始終如一的守護勞工。 #立委任內勞權修法請見留言區官網連結 #6號蔣萬安 #你加台北就是無限,,,1.0,,,3
蔣萬安,2022-11-12 22:44:17 CST,https://www.facebook.com/100044398990795/posts/678496433640317,#向市民頭家報告 #台北市長候選人政見發表會 今天是台北市長候選人公辦政見發表會，每一位有心為台北服務的候選人，都可以站在台北市民面前，勾勒這座城市理想中的未來。 過去七年來，我們看到商圈沒落、市容老化，特別是面對新冠疫情的威脅，恐懼、焦慮、憤怒、無力，我全都能夠感同身受。 台北絕對不能，交給那個在疫情中讓人民遭遇困難與傷害、卻始終自我感覺良好的人來治理。 我要透過「#四項發展」、「#五大中心」，喚醒台北年輕的靈魂，一起改造老舊的市區，那才是台北人盼望的改變。 我要打造的台北，是國際的台北、生活的台北，還要打造科技的台北，解決台北人長期煩惱的交通問題，更要打造創新的台北，讓台北脫胎換骨，邁向國際大都會的格局，成為世界行事曆的重要一站。 更重要的是，台北會是一個將資源投注在民生議題的城市，無論長照或育兒、文化或體育，讓台北隊挺台北人，健康、快樂地享受城市的光榮時刻。 台北的命運，也是我的命運，因為她成就了現在的我，也正在培育我的下一代。 「#重振台北」絕對不是口號，因為我會用我的決心跟意志力，讓台北煥然一新。 14天後，就是台北這座城市路線抉擇的十字路口，我必須要盡最大的努力，讓善良、正直的力量戰勝邪惡的一方，讓市民久盼的陽光破曉而出。 我是那個全力以赴的蔣萬安，我是可以撐起台北的蔣萬安，是能夠把正向的力量，把善良與正直，帶進這座城市的蔣萬安。 請大家支持我，在11月26日#支持六號，讓我們一起創造、一起享受台北的美好與榮耀。 #6號蔣萬安 #你加台北就是無限,,,,,1.0,5
黃珊珊,2022-11-09 08:58:36 CST,https://www.facebook.com/100044528885416/posts/666757881485169,虐兒零容忍、友善育兒環境 ​ 這是二十年前我的孕肚照，很大的肚子，肚子大到沒辦法開車，最後一個月，只能坐公車，我兒子出生重4500公克，我胖了27公斤，生完還有20多公斤在我身上，哈哈！ 這幾天看到小朋友在幼兒園被不當管教，這幾年，台北市政府做了很多努力，強制安裝監視器，老師的管教方式全都被監控者，竟然還發生這種事，實在很離譜，身為母親，是完全不能忍受的，更何況是幼小的孩子。 ​ 我有一個兒子，因為有一位很棒的保母媽媽，我才可以無後顧之憂地繼續兼顧事業與照顧小孩，所以，托育對於一個雙薪家庭及職業婦女來說有多重要。 ​ 最近是選舉期間，大家都在討論提高補助，但我覺得建立一個健全友善的托育環境，比發錢更重要，因為，女性意識高漲，少子化的原因之一，最重要的就是婦女常常是被期待的主要照顧者，生育後的所有一切責任幾乎都在媽媽身上，很多年輕女性看到這種狀況，當然對於生育會卻步。 ​ 要讓女性願意生孩子，很重要的是要讓她覺得照顧小孩不是她一個人的事，有各種支持系統，包括良好的托育環境，而且不會影響她回歸職場。 八年前，台北市首創托嬰中心，解決了很多家庭的托嬰問題，就是在解決少子化的問題，現在，要讓托嬰中心、幼兒園的照顧品質提升，不只是發錢給父母而已，還應該兼顧托育機構的老師福利與薪資條件，讓老師無後顧之憂，才能照顧好小寶貝，爸媽才能安心工作，寶貝能快樂健康成長。 ​ 我要創建的，不只是提高育兒津貼，建構更健全的托育環境與服務品質，讓老師安心照顧小寶貝，讓父母放心，讓女性正常回歸職場，台北的少子化狀況才有可能改善。 ​ #黃珊珊,1.0,1.0,1.0,,,"1, 2, 3"
林佳龍,2022-10-08 12:00:06 CST,https://www.facebook.com/100044464388138/posts/650579856434155,🎬 最新的《 #2022租金補貼圖鑑 》，你看過了嗎？ ​ 今年政府投入 300 億擴大租金補貼，各位在外租屋的朋友，7 月份如果有申請辦理，本月底前就會收到津貼入帳囉！ ​ 錯過跟上的朋友，佳龍要來提醒，現在「租金補貼申請延長至 10 月 31 日」，不論你來自哪座城市，只要符合資格，趕緊把握時間上網申請！ ​ 🏠「租屋補貼圖鑑」彩蛋，暴雷讓你知💥 ​ 提高受惠人數：原先 12 萬戶，提高到 50 萬戶 放寬申請門檻：所得為各地最低生活費3倍以下，即可申請 金額補助調升：單身青年、婚育家庭、弱勢族群，加碼提供2-8 成的補貼 簡便線上申請：用租賃契約就可自行申請，不用房東同意 ​ 蔡英文 Tsai Ing-wen 總統上任以來，持續為大家增加福利，育兒有照顧、租屋有補貼，讓大家得到最實質的幫助，相信全民都有感。 ​ 現在租金補貼申請延長了，請大家多多分享，告訴租屋族朋友這則好消息，讓出外打拚的子弟生活更有力！,,1.0,,,,2
林佳龍,2022-10-03 12:00:05 CST,https://www.facebook.com/100044464388138/posts/646535893505218,"💵 您的 5,000 元育兒津貼入帳囉！ ​ 蔡英文 Tsai Ing-wen 總統上任後，持續兌現 #0到6歲國家跟你一起養 政策，今年育兒津貼不僅再加碼，更於九月底陸續入帳完畢，請各位家長們，記得檢查一下帳戶喔！ ​ 為了給家長多一分支持，政府不僅提高育兒津貼，從原先每月補助 2,500 元，現在翻倍至每月 5,000 元 ，同時也擴大公共化幼兒園 3000 班、擴大不孕症補助 10 萬元、提高育嬰留職停薪到 8 成薪，讓想生小孩、正在顧小孩的家長們，都能減輕負擔！ ​ 未來佳龍上任後，也會努力來做家長們的神隊友，從中央到地方，替育兒家庭們來爭取福利，一起照顧我們的下一代 💪 ​ #育兒津貼入帳，#養孩子政府幫",1.0,1.0,1.0,,,"1, 2, 3"
林佳龍,2022-08-30 12:00:00 CST,https://www.facebook.com/100044464388138/posts/622206552604819,新北青年結婚成家，每戶補助 10 萬！ 「敢結婚、住得起！」是佳龍對新北青年朋友的承諾。 30 、 40 歲是所謂的三明治世代，他們上有老、下有小，生活面臨諸多的困難與壓力。我主張，地方政府應該要勇於承擔，和中央齊心合作，為「三明治世代」的生活有感減壓！只有具體明確的政策，才能吸引更多年輕朋友們在新北成家立業、在新北發展產業、在新北安心就業！ 新北青年結婚成家每戶補助 10 萬 佳龍承諾，我們將研議每戶 10 萬元的補助款項，鼓勵年輕人在新北市結婚成家。要讓新北大翻新，就要從新人成家之業做起，讓年輕人願意在新北結婚、生子、育兒及養老。 10 萬的成家基金，是新北市對青年成家的真摯祝福、也是對青年成家的務實幫助。只要你願意落腳新北，我們的政策就會全力給予你支持、為你減壓。 我的對手對這項政見有諸多的批評指教，暴露了他們對青年成家照顧的不足。 佳龍提出的 10 萬元青年成家基金，是在財政紀律考量下的務實方案。 我們要問的是，侯市長有認真關注過青年成家的壓力與困難嗎？侯市長有真正在意過市民生活的感受嗎？新北市作為全台灣人口基數最大的城市，侯市長的社福政策卻明顯不及格！攤開新北市政府的財政預算可以發現，侯市長編列的人均社會福利預算明顯過低，比台北市、桃園市都還低。侯市府對民眾生活的支持不足，如何吸引市民朋友們留下？如何吸引青年世代駐足？ 我們不會害怕提出具體的政策供人檢驗，因為我們知道，只有解決問題的具體方案，可以為新北市民帶來幸福。新北要躍升為台灣首都圈的動力引擎，我們的社福政策就要成為市民朋友最大的支持與後盾。 「敢結婚、住得起、青年成家有基金」是新北大翻新的第一步！,,1.0,,,,2
陳其邁,,https://www.facebook.com/photo.php?fbid=611489443670249&set=a.516944776458050&type=3,今天是上任兩週年。 兩年拚四年，在緊緊緊中，不知不覺時間就度過。 今天慰問基層警察、消防、環保基層同仁，向他們致上深深謝意。 警察同仁出生入死，日以繼夜守護治安，犧牲自己與家人相處的機會。 像今天我到訪十全派出所，就是在4小時內，不畏艱險，將還持有槍械的高醫仇殺案罪犯逮捕歸案，維護城市安全。 打火弟兄姊妹，24小時無眠無日待命。只要一接到任務，就趕著最快的時間，立即著裝出動。背負沉重的裝備，從危險遍佈的火場中，勇敢、無懼地仔細搜尋，迅速搶救出每一條寶貴性命。 清潔隊同仁忍受著炎熱天氣和水溝氣味，揮汗如雨，將溝渠打通。 我拍拍他們的肩，跟他們說聲「辛苦了」的時候，都感受得到汗水淋漓。 他們都是高雄隊，不分白天、夜晚，守護著我們的城市。 我感謝、也驕傲，有幸在這兩年來，和大家一起為城市日夜打拚。 . 2年其實時間很快，有很多重大市政建設正在推動。 鐵路地下化的完工、陸橋的拆除，綠廊道縫合了市容。 重新復工的輕軌，正逐步地成圓，捷運四線齊發、共享運具漫遊街坊，串連起了城市交通的新氣象。 亞灣的5GAIoT園區帶來新的思維和想像，搭配半導體產業鏈的進駐，城市的轉型，帶來更多的就業機會。 從零開始的運動中心、特色公園，提升我們的生活品質。 加速推動公托、社宅、長照，全方位照顧好市民朋友。 愛河灣、駁二、大港橋、流行音樂中心、遊艇碼頭、再到港埠旅運中心，我們當年推倒的港邊高牆，如今已成為我們心目中最美好的風景。 台灣燈會、大港開唱、金曲獎、文博等大型活動帶來可觀的觀光效益，更讓世界看見高雄。 . 謝謝所有市民朋友一起努力。 兩年拚四年，我們會每分每秒盡心盡力，讓高雄更好。,,,1.0,,,3
陳其邁,,https://www.facebook.com/photo.php?fbid=625520488933811&set=a.516944776458050&type=3,"好消息！ 把高雄寶貝顧更好，高雄再加碼！ 10月起，高雄準公托育補助加碼、孕婦產檢交通補助擴大對象。 高雄市政府全力照顧好懷孕的準媽媽、減輕年輕父母的負擔。 #高雄準公托育補助加碼 配合0到6歲國家一起養政策，公托家長每月補助5,500元，家長自付3,500元，弱勢家庭僅需負擔1,500元。 在家自己照顧、或者就讀私托，則可領育兒津貼每月5,000元。 10月起，高雄針對「設籍並送托高雄市準公共托育者」再加碼： 托育補助送準公共托嬰中心，每月補助8,500元，高雄「再加補助」2,000元，共補助10,500元。 送準公共保母，每月補助8,500元，高雄「再加補助」1,200元，共補助9,700元。 #孕婦產檢交通補助擴大對象 另外，對孕婦的產檢交通補助，原先補助弱勢族群，10月起更擴及到「設籍高雄市孕婦」，都補助28趟次來回產檢5,040元計程車車資補助。 高雄有首創全國體貼新手父母的坐月子到宅服務、新生兒禮包，也持續增設特色公園、增加托育托幼資源。 照顧好每一位市民朋友、也照顧好下一代高雄孩子，我們會持續努力！",,,1.0,,,3
陳其邁,,https://www.facebook.com/photo.php?fbid=595602748592252&set=a.516944776458050&type=3,今年是高雄產業轉型進程中非常關鍵的一年， 我們即將在後勁五輕的舊址上迎接台積電設廠， 橋頭科學園區也會在9月開放廠商進場興建廠房， 象徵高雄追求從重工業和石化產業重鎮， 朝高科技產業大城轉型， 已經成為現在進行式。 過去作為一個高雄子弟， 我曾經說過，高雄產業轉型就是勵志故事， 遭遇困境挫折，我們從來就是面對問題、解決問題， 就是這個勇敢氣質， 讓我們向來以作為一個高雄人為榮。 現在我擔任高雄市長， 和所有市民朋友一起兩年拚四年， 拚產業轉型也兼顧居住正義， 我們秉持青年、育兒、弱勢三大優先， 希望市民朋友的居住權利獲得充分保障！ 所以我們趕進度興建社會住宅， 中央地方合作目標12000戶。 我們也以囤房稅增加的稅收作為財源， 放寬條件擴大辦理租金補貼。 高雄產業轉型是一個現在進行式的勵志故事， 在我們勇敢迎接改變與挑戰的同時， 也絕對不會忘記一路走來， 我們高雄城市和高雄人親身經歷的挫折與傷痛。 特別是今日晚上， 我還是如同去年此刻， 一束鮮花一盞燭光一點心意， 和不幸罹難者與勇敢行過的傷者一起， 照看我們共同堅持的信念和努力癒合的傷痕。 高雄是充滿希望、永不放棄的城市。 在天光破曉之前，我也藉此一束鮮花一盞燭光一點心意， 感謝24小時運作的市府管線安全辦公室基層公務員以及相互配合的警消同仁， 感謝這幾年參與抗疫的醫護朋友和所有第一線防疫同仁， 感謝每一位在各自崗位，守護高雄城市安全健康的無名英雄！,,1.0,,,,2
陳其邁,,https://www.facebook.com/photo.php?fbid=615562099929650&set=a.516944776458050&type=3,開學了！ 用英文和同學一起上課！ 用英文上童軍課、音樂課？ 在高雄的文山高中，國中部、高中部都已經這麼做。 我上任後，推動高雄市達到「#校校有雙語」，增加師資、利用多元與沉浸式教學。 今年雙語經費，達2.17億，比109年增加2.55倍。再加碼5000萬元深化雙語教育資源。 外籍教師，從33名增加到89名，成長1.7倍。 讓英語落實在校園生活中，沉浸式的學習，學生們可以更能自然學會和應用語言。 再加上 #班班有冷氣、高雄市加碼補貼冷氣電費，我們想為學生打造舒適、優質的校園環境，家長也安心放心。 今天也和衛生局一起視察學校防疫，市府全力支援校園防疫物資。 並提醒校園開冷氣還是要保持通風，大家也要儘速打好打滿疫苗。 . 因應開學，高雄市幹線公車也更加密！ 除現有20條幹線公車加密外，還有以6台全新電動公車營運的新路線「紅62仁武-凹子底」線，也正式通車，更方便仁武市民到凹子底、榮總、巨蛋。 仁武人口成長快，除了交通需求，我們也規劃了92期重劃區內寵物公園。仁武運動公園1500萬的特色遊戲場也已經在8月12日開工；曹公新圳、北屋排水，我們也加速改善淹水問題。在興建中的仁武安居社宅，也會規劃托嬰、日照，提升居住品質，照顧好年輕家庭需求。,,,1.0,,,3
陳其邁,,https://www.facebook.com/photo.php?fbid=664166038402589&set=a.516944776458050&type=3,鼓山運動中心動工！ 將成為內惟、鼓山、左營，大家共同的生活與感情重心。 市政實實在在地做。 一座一座將運動中心做好，好好地來解決民眾的需求，這是我們做事情的態度。 #鼓山運動中心 是第五座新建運動中心，利用中山國小遷址後閒置的場域打造。 2層樓的複合式運動場館設計，包含健身房、全齡體能訓練場、韻律瑜珈教室及綜合球場，應有盡有。 學校原有的操場跑道也會翻新，2座籃球場改建為風雨球場，新建匹克球場。 經費超過1億7000萬元，今天正式動工，預計在113年、後年底就能完工。 . 選址時，我們特別考量周邊有崇實自助這些眷村、果貿、前鋒國宅與內惟，居民非常多，長輩也不少。高雄已經啟用10個銀髮健身俱樂部，也持續設立長輩運動場域，來預防肌少症，讓長輩更健康。 另外，包括公托、平價的準公幼、衛生局的日照、社會局的日照也都在這裡。 可以說是從0歲到100歲，都可以使用到這個地方。 . 鼓山運動中心屬於社區，既然要做就要做到最好。 我們希望將園區打開，結合周邊與建築整體的設計風格和功能縫合。 將原來很貴的一個地段，做為大家公共服務、社會福利的好去處。 這是當時我們在發想、選址時，最重要的核心價值。 這兩年，高雄的運動中心從0開始成長到13加1座。 有5座已經在今年陸續開始營運，提供民眾健身、促進健康最好的地方。,,,1.0,,,3
陳其邁,,https://www.facebook.com/photo.php?fbid=538743207611540&set=a.516944776458050&type=3,今天是母親節，我也特別到鳳山行政中心、運發局，為還在忙碌防疫工作的同仁們送上康乃馨，跟他們說聲「謝謝」。 防疫的重點在「#重症治療、#輕症分流」。 所以我們今天請到 #高雄縣醫師公會 理事長王宏育、#高雄市醫師公會理事長 朱光興、高雄市醫師公會榮譽理事長賴聰宏，三位醫師，很重要的事和大家拜託： 👉如果有呼吸道症狀，請到診所就醫、看診、領藥，大醫院病床留給需要的人。 如果您快篩陽、或者進一步PCR採檢陽性，請通報當初看診的基層診所醫師。 因為當初看診的醫師，通常是民眾熟識的基層診所醫師。 比較熟悉個案身體狀況，可以協助通報或者視訊診療照顧，即時關懷處理。 . 👉高醫小兒感染科主任 #李敏生醫師，說明怎麼照顧確診的小朋友？ 小朋友確診後有63%會有發燒症狀，如果沒有危險因子，在家居家照護要注意警訊表徵。 每天記錄三次：體溫/血氧、計算每分鐘呼吸次數、觀察活力狀態、一天的進食量及尿量、觀察呼吸時有無胸凹現象、注意膚色或唇色是否發紺、檢查肢體是否冰冷（新生兒）。 李醫師也準備了兒童居家照護日誌範本、建議常備藥物，給家長們參考。 ◎詳細圖卡，歡迎分享：https://tinyurl.com/y4c7pz9j:=:https://www.facebook.com/KHD7134000/posts/368526798648595 . 👉校園匡列新舊制要怎麼適用呢？我們也準備圖卡詳細說明。 如果是被居隔的同班同學，維持暫停實體課程；社團、課照、密友，快篩陰性後返校。,,,,1.0,,4
陳其邁,,https://www.facebook.com/photo.php?fbid=624843905668136&set=a.516944776458050&type=3,"和小朋友們，一起種下小小樹苗，象徵希望和祝福。🌱 今天，#楠梓科技產業園區 第一所企業附設園所「日月光三好幼兒園」開幕！ 透過市府媒合，由日月光集團租用油廠國小校舍拆除後的空地興建而成。 我們希望活化校園空間，也會再盤點產業園區周邊的校園與公有土地。 讓不管是托嬰、幼教，或是日照、長照，校園或公有閒置空間可以多一些利用方式，更加照顧好長輩、小朋友。 👉這幾年其實很努力，像我們公共化教保服務量也在今年達到41.32%。 準公共幼兒園111學年度共有252園提供33,869個名額，兩者均為全國之冠。 平價教保服務，在今年已達到97.03%。努力照顧好高雄寶貝，減輕家長負擔！ 👉我們跟時間賽跑，一方面因應企業進駐的需求，二方面希望加緊讓教保服務，能夠趕上人口增加的速度。 目前高雄機構或企業設置的幼兒園大約22處、由政府機關機構等設置的職場互助教保中心有12處。 鼓勵企業設置幼兒園，攜手打造好的育兒環境，小朋友受到更好的照顧，也讓爸爸媽媽上班更安心。 日月光三好幼兒園還有很特別的地方，它是節能、環保、綠能建築，太陽能板產電自發自用，佔園所4成的用電量。 戶外廣闊的活動綠地，保留現地文史記憶，及百年桃花心木、老樹群。 招收300名小朋友，提供優質的軟硬體設備，像是廁所、教室、廚房，看了都讓人羨慕。 也讓廠區同仁和寶貝一起上班上學，更幸福！",,,1.0,,,3
陳其邁,,https://www.facebook.com/photo.php?fbid=547465246739336&set=a.516944776458050&type=3,大家常常問：快篩陽或居家照護確診個案，要怎麼看醫生？ 今天中央公布居家照護確診者個案就醫說明，有發燒症狀在居隔期間可透過視訊、電話看診。 因為高雄市會派醫師協助確診個案，可以先聯繫照顧您的專責診所醫師進行通訊診療。 👉有時遇到醫師下班或較為緊急，可以去哪看病？ 中央放寬規定，若無法預約視訊診療、或視訊診療無法處理，可以聯繫衛生局，依指示以防疫車隊或親友接送、自行前往(如步行、自行駕/騎車)或確診者陪同就醫，要全程戴口罩、不要交談，主動告知為確診個案，讓醫生做準備。 如要就醫，我們【高雄市9家醫院附設小兒特診、4個社區採檢站特診】，除了看快篩陽或確診的18歲以下兒童，也可以為大人看診。但還是建議先以視訊看診為主。 👉大家也常問說，還沒收到 #居隔單，怎麼辦？ 高雄今天公布更簡單的方式： ①在衛生局收到醫院PCR採檢陽性時，約1-2小時會發送第一封訊息告知確診者，請確診者主動回報疫調資料、同住者名單。 比如年齡、是否懷孕36周、是否有65歲以上長輩同住？等等必要事項。 ②填完後約5小時，衛生局會傳第二封訊息給你，點選網址填入身分證和手機號碼，即可下載居隔通知書。 整個流程大概5-6小時，你就可以更快拿到你的居隔單，也協助完成我們疫調。 因為我們在醫院端就輸入PCR陽性報告資料，希望在速度上加速，也能夠讓我們更儘速了解風險族群群聚，做基本疫調掌握和風險管控。 👉以個案趨勢，也要再次提醒：家中有確診者要特別小心，確診者要 #一人一室，最好是套房。 同住家人非確診者最好也一人一室，客廳、廚房或浴室都不能共用。 市府關懷包內有酒精，摸過的地方請多消毒，垃圾或是餐桌、碗筷，自己用自己洗，降低接觸的風險。 👉成人BNT已經到高雄，即日起開放接種。 青少年、小朋友的BNT也可以開始預約，詳情請參見圖卡。,,,,1.0,,4
陳其邁,,https://www.facebook.com/chenchimai/videos/438481938185957/,做你的產檢好司機 做為一個醫師，照顧好準媽媽與孩子、讓年輕家庭更安心放心，是我掛心的事。 所以，我們全面照顧！ 高雄市10/1起，再擴大「孕婦搭乘計程車產檢」補助對象。 只要是高雄市孕婦，不分年齡族群身份， 都補助14次產檢（共28趟次）計程車車資5040元。 怎麼領？很快速方便！ 在我們合作的50家產檢醫療院所，就可以直接申請、領取。 也可洽區公所、社福中心申請喔！ 🔍詳細資訊，可至社會局網站查詢：https://is.gd/eLYqkO:=:https://socbu.kcg.gov.tw/index.php?&prog=2&b_id=3&m_id=13&s_id=2006,,1.0,,,,2
柯志恩,,https://www.facebook.com/photo.php?fbid=621509159329474&set=a.547433460070378&type=3,最年輕發言人團，高雄集結！ 今天，我公布了5位年輕、活力、清新的發言人夥伴。最年輕的，只有21歲；從高雄出生到高雄念書，從原市區到原縣區，從北高雄到南高雄，這群平均年齡27.2歲的優秀青年，未來將是柯志恩團隊的骨幹，為高雄一起打拚。 出生岡山的 #黃騰憲 ，是最年輕的成員，擔任過學生議會議長，年紀輕輕就有亮眼的公共參與表現，讓我們一起期待9年級生在國民黨發光發熱。 畢業於中山大學的 #孫玉霖 ，擁有英國、新加坡雙碩士學位，未來將結合在地與國際視角，為團隊帶來更多層次的政策發想。 出生小港的 呂謦煒 ，出身低收入家庭，擁有基層視角，因此參與公共事務以來，相當關注社福、勞權與交通議題，為弱勢族群發聲。 畢業於高雄大學的 陳冠安 X 黨革青 ，過去擔任過國民黨青年部主任，和許多公民團體保持良好互動，也十分關心多元族群、居住正義和動保議題。 而 李明璇 ，更是大家最熟悉的廣播主持人、發言人和市政顧問，今年也剛成為新手媽媽，因此也將為團隊帶來關於觀光、育兒政策的發想。 5位青年發言人，和 陳麗娜 總召 吳怡玎 總幹事，以及團隊的所有成員，還有最親愛的高雄市民們，不分世代，高雄好日子，我們一起拚！,,,,1.0,,4
柯志恩,,https://www.facebook.com/photo.php?fbid=681917406621982&set=a.547433460070378&type=3,昨天是個好日子，我一連參加6場議員與候選人的競總成立，希望所有國民黨的議員候選人都能高票當選，為高雄鄉親拚好日子！ 競選第十一選區，號次7號的 王耀裕市議員 ，在地服務扎實，重視空污與環境議題，積極為鄉親爭取福利和建設，被高督盟評鑑為問政優質議員。 競選第五選區，號次4號的 張惟晴 惟有好心晴 ，是國民黨非常優秀的新人，相當年輕，也很關心年輕人在乎的議題，為青年世代發聲。 競選第十一選區，號次8號的 黃天煌 ，不只當過民代，也當過大寮鄉長，行政立法皆熟捻，關心林園大寮的基礎建設，為鄉親服務不餘遺力。 競選第六選區，號次2號的 陳美雅 ，是日本早稻田法學博士，具有完整的國際觀，政績琳瑯滿目，希望大家力挺女力。 競選第十選區，號次12號的 蔡武宏-鎮港青年 ，相當關注公托、學前教育，守護高雄的下一代，也非常照顧基層，希望鄉親能全力相挺。 競選第四選區，號次13號的 陳麗珍 ，是基層里長出身，長期深耕基層，重視高齡化議題以及長照政策，為長輩打拚健康樂活的好日子。,,,1.0,,,3
柯志恩,,https://www.facebook.com/photo.php?fbid=692462398900816&set=a.547433460070378&type=3,每個周末，都有滿滿行程，除了全力以赴，就是全力以赴！ 昨日下午，我分別和 高雄市議會副議長陸淑美 方信淵-高雄市議員 以及 李亞築 高雄市議員 服務處 鄭東元一石激起千層浪 ，前往梓官蚵仔寮魚市及茄萣區興達港觀光魚市掃街拜票。許多攤商都和我表示，一定要翻轉高雄，我會帶著鄉親的期待，繼續為高雄打拚！ 李眉蓁 是勇敢的媽媽，遇過挫折，卻越挫越勇，2年前的勇敢承擔，也讓她更加成長，所提的大小政見，都更貼近市民，包括左楠地區人口大量增加，進而衍生的公幼公托問題，都是眉蓁最關心的議題。拜託大家能力挺勇敢的母親！ 高雄市山地原住民議員候選人葛姵瑩 Maital是社工出身，和我心理諮商的背景一樣，都在助人第一線，Maital對族人的照顧也是有目共睹，所提出的原住民就業平台、原住民國際音樂節都是非常好的政見方向，希望大家可以一起當Maital的分身，讓她高票當選，為高雄族人拚好日子。 高雄市議員 陳玫娟 是19號，而唯有19年的服務，才能對左楠如此瞭若指掌，把鄉親的事當作自己的大小事。為每個里做的貢獻、為每位里民的服務，都如數家珍，用最踏實的服務來爭取所有鄉親的支持，拜託大家能當玫娟的後盾，讓她高票當選，繼續為鄉親服務！,,,1.0,,,3
柯志恩,,https://www.facebook.com/photo.php?fbid=622230525924004&set=a.547433460070378&type=3,昨天，我參加 吳怡玎 委員舉辦的女子見面會，並由我的發言人 李明璇 主持，和40多位優秀女性座談，從國家大事聊到家庭趣事，包括高雄的公托幼教、女性微型創業、寵物友善城市、親子教育、職業婦女如何兼顧家庭與事業等議題。 許多姊妹也問我關於高雄的願景藍圖。跟大家報告，作為市長參選人，我認為高雄需要的是一位細膩、有韌性、真誠直率的女性市長。 因為高雄市，缺乏的並不是金玉其外的建設，或是亮眼的帳面數據。市民要的，是要一座能過好日子、好生活的城市。 事實上，不少朋友，聽到我決定投入高雄市長選舉都非常驚訝。有的鼓勵，有的憂心，這些意見，其實在參選之前，我都知道。 我也必須坦承，這確實是一場非常艱難的選戰。 但如果因為輸過、因為怕輸，就抗拒，那我要如何向我的孩子解釋「勇敢」？ 我的父親曾告訴我，勇敢就是無懼，我也希望能把這份南部人的精神，傳承下去。 面對艱難，只要是做對的事，就絕不畏懼！ 這是南部人的氣魄，更是女人的韌性。 女人撐起台灣半邊天，高雄好日子，我們一起拚！,,,1.0,,,3
柯志恩,,https://www.facebook.com/photo.php?fbid=658805565599833&set=a.547433460070378&type=3,【父母育兒很安心】少子化政見發布會 高雄市的出生率，已經從2018年的千分之7.25到2021年千分之6.55，未來作為高雄的大家長，我想要減輕我們高雄新手爸媽的負擔，除了打造更好的教養環境之外，還要讓市民敢生、願意生、加倍生。 我將提出「父母生養五安心」等生育政策，讓我們高雄的爸爸媽媽生兒、育兒更安心，包括： 👉生生不息234 👉津貼月子不用選 👉社會住宅您優先 👉友善臨托助弱勢 👉定點計時區區有 來賓 📍童燕珍 高雄市議會國民黨團總召 📍劉秋芳 高雄市幼兒教育協會理事長,,1.0,1.0,,,"2, 3"
黃偉哲,,https://www.facebook.com/photo.php?fbid=521585259336685&set=a.509914220503789&type=3,市民朋友午安，台南市今天共新增46名確診，包含3名火鍋店職場衍生個案、2名托育人員衍生個案、4名由阿妹演唱會衍生至關廟羽球館之個案、2名仁德羽球館活動相關、2名游泳池活動相關、2名科技廠職場接觸者，11名為確診者同住家人接觸者、3名具外縣市活動史，以及感染源疫調中個案17名。 #案例說明 1、今日公布之本土病例包含21例男性、25例女性，年齡介於未滿10歲至70多歲，發病日介於4月20日至4月23日，其中包含7例為無症狀感染。 2、今日公布之個案於可傳染期間曾出入北區麻佬二手作麻辣、富邦銀行東寧分行、富邦人壽南鑛分行、健身工廠中華廠、台糖虎山高爾夫練習場、安平區八方雲集華平店、全國電子崇德門市、中西區賓士KTV中成店。 3、昨日疫調中個案於台南市活動範圍包含家樂福仁德店、特力家居台南館、台南市仁德區圖書館、壽司郎台南西門路店等地，請同時段曾於前述場域出入的市民落實自我健康監測，若出現身體不適或疑似COVID-19症狀，請儘速就醫採檢。 #安心托育 台南市首推「居家托育守護標章」，由各區居家托育服務中心審核後發給符合資格之居家托育人員，以鼓勵居家保母踴躍施打疫苗，讓爸媽安心送托。 家長可洽台南市各區居家托育服務中心，優先媒合獲「居家托育守護標章」之保母。 第一區居家托育服務中心(06)208-8362 第二區居家托育服務中心 (06)247-2061 第三區居家托育服務中心(06)303-5053 第四區居家托育服務中心(06)635-3728 托嬰中心因應疫情實施暫停托育標準如圖15、16；若家人匡列為密切接觸者，兒童至少自行停托三日並清消。若托育人員與幼兒匡列為密切接觸者，該班至少停托三日，若托育人員與幼兒有確診者含1人以上，全班級停托十日（含三日清消）。上述人員隔離期滿恢復收托前，須經檢驗為陰性始得恢復收托。 #疫情詢問協助管道 鼓勵市民朋友可使用line智慧小幫手、衛生局服務信箱或FB反應防疫相關問題，防疫人員會在24小時內回覆，若為緊急需求，可撥打臺南市防疫專線06-2880180，或可撥打1922，平日可撥打至各個區衛生所、區公所，來請求協助跟服務。,,,,1.0,,4
黃偉哲,,https://www.facebook.com/photo.php?fbid=514812966680581&set=a.509914220503789&type=3,"今天，我到市議會進行施政報告，向市民朋友及全體議員，說明從文化首府到科技新都，現在的台南，不僅是台灣的歷史，更是台灣未來的寄望。 我從產業佈局、便捷交通、社會正義、城鄉水文及文教樂活五大面向，向您說明市府團隊的努力目標。 #產業佈局 市府積極招商引資，推動台南持續發展，三年來吸引1.8兆投資，創造大量就業機會，失業率連續三年六都最低，市民消費力逐年成長。 重視南北均衡發展，讓經濟引擎倍速轉動，市府在溪北地區規劃七股科技工業區、麻豆工業區，成為南科半導體產業的衛星工業區。在沙崙規劃綠能智慧科學城，與中央聯手規劃醫療創新園區、沙崙產業園區，為下一世代的產業創造進駐空間。 不僅是科技新城，也是農業重鎮。 去年台南芒果出口3,563公噸，鳳梨4,300公噸，加上漁畜產，共創下銷售超過10億元佳績。提高農作物價值，為農民帶來更大的收益，花費5億打造玉井農產加工及冷鏈物流中心，同時輔導青農超過1,700位，年收入達百萬以上有180位。而農水路是農業經營最核心命脈，去年完成267.5公里農路及32.3公里水路，更新改善為全國第一，今年持續投入11億元經費，讓更多農民受惠。 經濟快速發展的同時，市府也嚴守財政紀律，三年總體債務共減少超過191億元，總體債務或公共債務都是新低。 #便捷交通 四橫三縱實現中，北外環道路第三期工程即將完工，成功向中央爭取國道8號南133線路口增設高架橋改善工程、86大潭交流道匝道拓寬工程、61跨越曾文溪南延工程、國道1號永康交流道聯絡道工程。 開闢南科特定區內5-40m及10-30m計畫道路，完善南科及沙崙智慧綠能科學城聯外道路，以及安平漁港跨港大橋工程發包。 交通壅塞及停車問題用智慧科技解決，推動6大壅塞路廊改善計畫，完成中西區路網動態號誌決策系統建置，平均速率改善11%，同時，今年底將有中西區體3、水萍塭公園及南區西門健康等3座立體停車場完工，紓解停車需求。 #社會正義 生育補貼提高至1萬元，托育補助調高至8,500元，育兒津貼調高到5,000元。擴大公共化教保服務，110學年度廣義平價公共化比率已近八成，合理負擔托育費用，增加親子休憩空間，規劃特色公園25座，已有13座完工開放。 「一國中學區一日照」今年底達標，全面布建住宿式機構照顧網絡，首座銀髮悠活園區在安南區開幕，新營醫院北門分院轉型住宿式長照中心將於今年完工營運，針對弱勢長者加發健保褔利金1,000元，逾24萬人受益。 市府展現落實居住正義的決心，推動包租代管，鼓勵房東釋出空屋，目前已有1,600戶；租屋補貼則增加至4萬戶；同時與中央合作，加速興建社會住宅，規劃6,480戶，動工1,178戶。去年更是在議會支持之下，成為中南部第一個通過囤房税的縣市，最高課徵3.6%，預計今年7/1正式實施。 #城鄉水文 水患改善已見成效，去年淹水地區大幅縮減，今年將繼續建置2座滯洪池、完成3座新建抽水站、8件水門及抽水站機組更新及排水應急工程，將再改善淹水面積約300公頃，保障2萬居民生命財產安全；同時，完成雨水下水道建設長度約738公里，普及率約80%，排名全國第2。另推動污水下水道建設，接管戶數逾17萬戶，改善環境衛生，提升生活品質。 #文教樂活 提前完成「班班有冷氣」，今年夏天孩子們不用再流汗上課；「午餐廚房中央化」，自辦午餐比率將達到93%、聯合供餐比率達62%，學生吃得更加安心；同時，汰換更新校園遊戲場，以及完成148校操場整建，全面提升校園設施品質，推動校園路平，在校園行得安全。 重視資訊教育，我們連續8年蟬聯全國特優，並推動「班班有網路．生生用平板」，率先全國成立「台南市數位學習推動辦公室」，整合全市各校同步發展，讓偏鄉學童也能用程式語言操作AI機器人，數位學習沒有城鄉落差。 打造運動樂活城市，安南區、新營區、永康區的全民運動館已在規劃設計中；而水域運動方面，有嘉南大圳水上運動訓練中心、漁光島風帆訓練中心；亞太國際棒球訓練中心成棒主、副球場陸續在2023年底完工，委外營運將在今年9月簽約。 此外，啟動再創2024奧運佳績補助計畫，每月3萬元培訓補助金，做選手們最堅強的後盾；並推動多項體育發展措施，提升選手個人獎勵金及培訓津貼、推動菁英選手運動科學檢測及運動傷害防護計畫，讓2021年全中運獲得101面獎牌及全國運獲得89面獎牌，皆創縣市合併以來最佳。臺南將在今年成立體育局，籌辦2023年 #全國運動會，本市體育運動發展持續往前邁進。 感謝您看到這裡，我們會持續努力，台南是台灣第一個城市，保留文化古都傳統，邁向智慧科技重鎮，整合各界資源，市府團隊以看得遠、看得深的視角精進市政治理，成就台南進步蓬勃的力量。",,1.0,,,,2
黃偉哲,,https://www.facebook.com/photo.php?fbid=596695825158961&set=a.509914230503788&type=3,歡迎光臨台南第十一個小人國，善化東關公托家園。 如同被多啦A夢的縮小燈照到，這裡的座椅、玩具、廁所、洗手台、都是專門替未滿2歲的孩子量身打造，並營造如同在家一般的溫馨感覺，小朋友的笑臉是真實的，可以看到待在公托家園中孩子的安心與自在。 這是善化的 #東關公共托育家園，市府委託華仁社會福利慈善事業基金會辦理，「不只照顧，更要將心比心」是我們的精神，透過專業與敬業的態度，相信能獲得爸爸媽媽們信賴與認可，無後顧之憂才能全心全力為家庭打拚。 目前台南已經有11所公托家園，分別位在安南、關廟、新市、麻豆、官田、柳營、東區(仁和)、安平、東區(龍山)及永康(永埔)，未來市府還會持續努力，提供最高品質的公托家園給在台南打拚奮鬥的年輕人。,,1.0,,,,2
黃偉哲,,https://www.facebook.com/photo.php?fbid=631612245000652&set=a.509914230503788&type=3,早安，現在是8:50分，都到上班地點了嗎?最近天氣開始轉涼，為你介紹這碗當歸鴨麵線，善化50年老店，在地人絡繹不絕，是下班後暖心暖胃的首選。 市府也努力為善化市民提高生活品質，近期完工的建設有東關公托家園、善化親子悠遊館以及小新國小新校區，同時改善了光華路、民生路、和平路、光明路的路面品質，以及規劃蓮潭里活動中心，逐步完善善化區的各項公共建設。 - 50年傳統古早味(當歸鴨肉) 1730-2200*無公休 台南市善化區中山路449號,,,1.0,,,3
黃偉哲,,https://www.facebook.com/photo.php?fbid=656413902520486&set=a.509914220503789&type=3,上次開箱鹽水的森林系親子館，今天帶你看看七股的海洋療癒系的複合式兒童服務中心！ 為什麼要強調複合式？因為這裡不僅是親子悠遊館，同時也是公托家園。 我們在一樓規劃一處可以招收12位0-2歲幼兒的公托家園，而二樓則是適合未滿4歲的小朋友來遊憩玩樂的親子館。 這裡有可愛的大象球池以及豐富的主題區，分別是0-2歲遊戲空間、爬行區、學步兒探索區、2-3歲探索遊戲空間，全都是特別為未滿4歲嬰幼兒量身打造友善空間，非常歡迎爸爸媽媽帶著小朋友一起來。 我也跟市民朋友們報告，目前台南已有12座親子悠遊館以及12處公托家園，未來我們會持續廣設托育資源，讓台南是個好生好養親子友善城市。,,,1.0,,,3
黃偉哲,,https://www.facebook.com/203598423025335/photos/a.623167324401774/5342282665823526/?type=3,今天是兒童節，先在這邊祝福台南市的小小主人翁們，兒童節快樂！ 為孩子營造一個優質的成長環境，為父母減輕生兒育女的負擔，是台南市政府的責任。 今年開始我們提高了生育補助至10000元，以及育兒津貼調高至5000元（8月起），讓我們可以為爸爸媽媽們多分攤一點生育的壓力。 我們也知道光發放津貼是不夠的，還要承擔一起養一起照顧的責任。 在0-2歲方面，我們積極建設公共托育家園，目前已啟用11所公托家園，還有3所正在興建中，並在今年設立台南首座公共托嬰中心。 在2-6歲方面，台南非營利幼兒園已增加至11所，每月收費3500元，同時推動私轉公，已有165所簽約加入準公托的行列，提供2萬2692名額。 已達學齡的兒童，今年夏天就能收到市府準備已久的禮物，那就是「班班有冷氣」在今年二月提前達成，台南市的孩子們未來在炎熱夏天，也能有個舒適的學習環境！ 最後是爸爸媽媽都很關心的特色共融公園，我要跟您們報告： 目前台南已完工13座特色公園。 有3座施工中（灣裡人工濕地公園、港濱歷史公園、永康公3公園）。 還有9座規劃中（新營南瀛綠都心、鹽水公20公園、北區文元公園、北區希望公園特色遊戲場、麻豆公11遊戲場、學甲華宗公園特色遊戲場、東區公87公園、關廟大潭埤特色遊戲場、柳營櫻花滯洪池特色公園）。 我們將朝一區一特色公園努力！ 同時我們也建設了10座親子悠遊館，鼓勵家長陪同兒童可以在娛樂中學習，共創美好親子回憶。 兒童節的意義不只在於讓孩子們開心，也要讓家長們開心，我們會持續努力，讓台南可以是年輕人安心生育的地方！,,1.0,,,,2
黃偉哲,,https://www.facebook.com/photo.php?fbid=565342438294300&set=a.509914220503789&type=3,"71新制報你知，保存分享望周知 #福利補助 租屋有補助 111年7月起，300億擴大租金補貼開放線上申請，補貼戶數從12萬戶增加至50萬戶，並同步調升補貼金額，10月發放第一期租金補貼。 長輩有照顧 台南市弱勢長者加發健保福利金1,000元。(弱勢長者:綜合所得總額合計未達申報標準或綜合所得稅稅率未超過12%) 爸媽有幫助 0-5歲在家自己帶，第一名子女每月補助爸媽5,000元、第二名子女6,000元、第三名子女以上 7,000元。 就讀公共托育家園，一般戶 5,500元，中低收入戶7,500元，低收入戶9,500元。就讀準公共化私立托嬰中心或請保母，一般戶8,500元，中低收入戶10,500元，低收入戶12,500元。第二名子女每月加發1,000 元，第三名子女以上每月加發2,000 元。 (111年8月起發放，須符合家戶綜合所得稅率未達20％，未經政府公費收容安置、未重複領取托育補助者，育兒津貼與育兒補助擇一領取。) #賦稅新制 台南市囤房稅正式實施 持有本市2戶以上非自住房屋稅率按持有戶數從1.5%調高至1.8%、2.4%或3.6%。 純電車輛免徵牌照稅、貨物稅 完全以電能為動力之電動汽機車免徵使用牌照稅、貨物稅，期限延長至114年12月31日。 貨物稅減徵延長 購買能源效率第1級或第2級新電冰箱、新冷暖氣機或新除濕機退還減徵貨物稅，延長至112年6月14日。 報廢或出口中古汽機車並購買新車減徵貨物稅，延長至115年1月7日。 捐贈烏克蘭可抵所得稅 個人或營利事業透過財團法人賑災基金會設立之專戶對烏克蘭國際援助捐款得全額列報捐贈列舉扣除額或費用，於112年5月申報適用。",,1.0,,,,2
黃偉哲,,https://www.facebook.com/photo.php?fbid=530427465119131&set=a.509914220503789&type=3,從超音波中的白色小點開始跳動，到產後那一次哭聲，媽媽們開始一段偉大的旅程。 從生育到養育，過程要不斷承擔加重的責任，承受除了自已以外的辛勞，只希望自己的孩子過得好，這是母親最偉大的地方！ 所以我們會陪伴媽媽與孩子們一起成長，除了生育津貼以及育兒補貼，更重要的是分擔養育的責任，減輕媽媽們需要同時面對職場與家庭的壓力。 今年台南第一所公共托嬰中心已營運，提供未滿2歲的孩子托育的場所，以及11所社區公共托育家園。今年底還有3所公托家園以及4處興建中的托嬰中心。 滿2歲可以就讀幼兒園的時候，我們37區都有公幼且名額足夠，以及11所非營利幼兒園、165所簽約的準公托，提供2萬多名額，減輕媽媽們時間與經濟上的負擔。 今天是母親節，祝福全台南的媽媽們母親節快樂，我們會持續努力成為妳們堅強的依靠！,,,1.0,,,3
黃偉哲,,https://www.facebook.com/taiwanweicher/videos/528688785453905/,為了減輕育兒負擔，台南的育兒津貼、補助再加碼！ 要提供平價、優質的服務，目前台南已有親子悠遊館達12座、公托家園達12座。台南從無到有，斥資超過2億，為親子規劃39座特色公園。我們持續增設托育資源，要讓爸媽安心、孩子也能開心。,,,1.0,,,3
鄭運鵬,2022-11-23 00:00:00,https://www.facebook.com/100044626770324/posts/683532959810924,每一位市民朋友，不只是我的好鵬友，更是家人般的存在。 我常說，照顧到那個最需要幫助的人，成為大家的避風港，這樣從政才值得，才有意義。 這三個多月以來，跑遍桃園大街小巷，緊握市民朋友的雙手，我每天不斷思考著，如何將這些期待，轉換成給可以幫助大家的政策，讓政府成為溫暖的家人。 身為兩個孩子的爸爸，我兒子在小時候生了一場大病，所以我非常了解作為家長的心情。我們要幫助無法從家中獲得支持的懷孕女性，在產檢、陪產的過程中，有專業社工人員的陪伴，給予最大安全感和支持。 過去我幫助過好幾個罕病家庭，了解大家的困難與需要。接下來，我會推動罕見疾病生活津貼，有特殊照顧需求的兒少家庭我們也會照顧，讓大家可以安心生活，是我的責任，也是使命。 桃園是許多年輕家庭的夢想城市，我會繼續增設平價、距離近的公托、親子館；推動托育補助保母10500元、托嬰中心11500元、定點臨時托育、延長托育、興建市立兒童醫院、市立兒童樂園，讓爸媽安心生、放心養，給予大家最大的支持。 桃園有我在，大家請放心。 #票投鄭運鵬 #進步不回頭 #為桃園挺3而出 #1126出門投票,0.0,0.0,1.0,0.0,0.0,3
鄭運鵬,2022-10-01 00:00:00,https://www.facebook.com/100044626770324/posts/641581924006028,中央地方做伙拚・民主台灣大步行！ 今天晚上，行政院長蘇貞昌、桃園市長鄭文燦、交通部長王國材來到龜山，向各位鄉親說明這幾年來的政績。 桃園在鄭文燦市長的帶領下，成為幸福城市的首選。這八年來，桃園人口成長是六都第一，台商回流也是投資桃園最多。桃園也是全國最早實施育兒津貼的城市。 這八年來，機捷通車了，未來還會有捷運綠線、棕線、中壢延伸線和鐵路地下化等規劃，這些都是中央與地方共同努力的成果。 過去我在立法院擔任黨團幹事長的經驗，讓我有機會為桃園的各項預算，進行協調與爭取。譬如 #桃園鐵路地下化 的預算核定，原先國民黨執政的中央政府，要桃園自行負擔約800億，在我的協調之下，最後是中央分攤800億，桃園只要負擔200多億。 參選至今45天，我已經提出長者四季春、教育五條柱、育兒六利多、捷運再三線、捷運三支箭和三搶攻計畫；就算是確診期間，我的腳步也沒有停歇！ 這些政策結合成為「#456遮雨棚」和「#333大運轉」，從年輕人、幼兒、老人、勞工都有照顧到。 我會向市民朋友證明，我會讓桃園加速運轉、讓美好持續實現。「桃園最棒、運鵬接棒」，勇者滿血回歸，讓我們一起運轉桃園，大進化！ #運轉桃園大進化 #院長好像也很喜歡光劍,0.0,0.0,0.0,0.0,1.0,5
鄭運鵬,2022-11-04 00:00:00,https://www.facebook.com/100044626770324/posts/668528851311335,積極爭取 #台積電 設廠龍潭！昨天蘇貞昌院長宣布龍潭科學園區第三期正式啟動，讓設廠計畫邁進一大步，未來擔任市長，我會盡全力推動設廠，如期如質、加速完成！ #天天有十三區政見，今天我推出龍潭區政見，我提出的每一項規劃，不只貼近市民朋友生活，更全面照顧所有市民朋友，有我在，請放心！ 今天所提出的龍潭區政見，包括：推動平鎮龍潭捷運線、龍潭客運轉運站；興建龍潭社福館、親子館、公托中心；改造龍潭運動公園為親子共融公園；「神龍鬧鎮」祭典品牌化，讓龍潭全面大進化，打造龍潭成為好觀光，好居住的好所在。 希望透過區域政見，讓每一區的市民好朋友，都能在桃園這座城市享受生活、好好生活。運鵬持續努力，找出最好的方式，讓龍潭好鵬友好生活，讓我來做龍潭的靠山！ ✅龍潭好生活，客庄第一品牌 🔸龍潭交通全面再提升 🔘推動平鎮龍潭捷運線 🔘推動板橋龍潭快速道路，連結龍潭交流道 🔘推動龍潭交流道附近地區都市計畫 🔘設置龍潭觀光交通轉運站 🔸龍潭生活機能大進化 🔘興建龍潭社福館、親子館、公托中心 🔘完成龍潭原住民文化會館 🔘完成第二停車場、新建市區停車場，引進影城及百貨商場 🔘改造龍潭運動公園為龍潭親子共融公園 🔘新建國軍桃園總醫院急重症醫療大樓、長照大樓 🔸龍潭觀光再升級 🔘打造「神龍鬧鎮」主題活動，結合五穀爺文化祭及龍潭龍舟賽 🔘龍元宮商圈升級，以菱潭街模式，發展地方創生聚落 🔘以三洽水休閒農業區、客家茶文化園區、鍾肇政園區為軸心，發展客庄特色旅遊 🔘推動龍潭大池夜間觀光活動、設置大型停車場 #票投鄭運鵬 #龍潭放心交給我,0.0,0.0,0.0,1.0,0.0,4
鄭運鵬,2022-10-15 00:00:00,https://www.facebook.com/100044626770324/posts/653417042822516,桃園在鄭文燦市長的帶領下，成為幸福城市的首選。這8年來，桃園人口成長是六都第一，台商回流也是投資桃園最多，桃園也是全國最早實施育兒津貼的城市。 好的幹事長，保證好市長。過去我在立法院擔任黨團幹事長，讓我有機會為桃園的各項預算，進行協調與爭取。譬如桃園鐵路地下化的預算核定，原先國民黨執政的中央政府，要桃園自行負擔約800億，在我的協調之下，最後是中央分攤800億，桃園只要負擔200多億。 桃園的進步不回頭，參選至今，我已經提出長者四季春、教育五條柱、育兒六利多、勞工長任9用、捷運再三線、捷運三支箭、三搶攻計畫和觀光三倍速等政策。 我會向市民朋友證明，我會讓桃園加速運轉，延續鄭文燦市長八年來的優質施政，讓美好持續實現，未來大家可以繼續叫鄭市長，就算身材小一號，但服務不會變！請大家疼惜鄭文燦，票投鄭運鵬，讓我們一起運轉桃園，大進化！ 請大家用疼惜文燦市長的心，在1126這一天，將您手中的選票支持我，我將延續桃園的進步與光榮。 #疼惜文燦 #票投運鵬，讓我們一起運轉桃園，大進化！ #運轉桃園大進化 #票投鄭運鵬 #進步不回頭,0.0,0.0,0.0,0.0,1.0,5
鄭運鵬,2022-11-05 00:00:00,https://www.facebook.com/100044626770324/posts/669625187868368,#天天有十三區政見，今天推出桃園區政見，希望努力推動包括：加速鐵路地下化、加速捷運綠線、興建國道二號中路交流道；推動台鐵中路車站重劃區及大檜溪重劃案、加速推動舊市區都更；幼兒園增設2歲專班、完成中路4個社會住宅；完成圖書總館及桃園文學館、活化保存桃仔園舊城文化資產；興建南崁溪河川教育中心與東門溪截流站等，希望全面提升桃園區，大家在這裡都能好好生活。 桃園區在這8年來，增加了超過4萬人，已經是許多市民朋友在這裡打拚、成家、追夢的地方。桃仔園舊城是桃園最早發展的地區，運鵬會加速推動舊市區都更、也會活化舊城區的文化資產，讓每個生活在這裡的好鵬友，可以在這裡，找到幸福的感覺。 有我在，請放心！希望透過區域政見，找出最好的方式，完成市民的期盼，讓各位市民好鵬友，都能在桃園這座城市享受生活、好好生活，我會持續努力做大家的靠山！ ✅鐵路地下化，機能超進化 🔸鐵路地下化、捷運綠線加速實現 🔘加速鐵路地下化進度，完善桃園車站周邊規劃 🔘捷運綠線115年完工 🔘興建國道二號中路交流道 🔘友善交通，普設人行道，建立安全通學巷及家長接送區 🔸市區大翻新 🔘推動台鐵中路車站重劃區、完善桃園醫院站周邊規劃 🔘提高容積獎勵加速桃園舊市區都更 🔘推動大檜溪重劃案，增設停車場，提供大有梯田公園使用 🔸在桃園找到好生活 🔘幼兒園廣設2歲專班，一國中學區一公托 🔘共融主題公園倍增 🔘桃林鐵路綠廊以參與式預算方式，由市民選樹、分段植樹 🔘完成中路四個社會住宅，興建正光及慈文安居社宅 🔘協助部立桃園醫院及聖保祿醫院擴建醫療大樓 🔸讓文化融入生活 🔘完成圖書總館及電影院正式營運 🔘桃園文學館完工，串連城市故事館及獨立書店 🔘發掘、紀錄、保存、活化桃仔園舊城各種文化資產 🔸讓河岸讓更親水更美麗 🔘興建南崁溪河川教育中心及東門溪截流站 🔘東門溪、茄苳溪流域治理，完成同安綠水巷計畫 🔘完成龍山埤塘生態公園及大樹林埤塘生態公園 #票投鄭運鵬 #桃園放心交給我,0.0,0.0,1.0,0.0,0.0,3
鄭運鵬,2022-09-21 00:00:00,https://www.facebook.com/100044626770324/posts/633610151469872,\鄭運鵬官方網站上線啦/ 👉https://nicepon.tw/ 參選至今，不少朋友向我反應，希望能提供一個方便查找我的競選政見與最新活動消息的平台。 我的競選官方網站，因為這個目的誕生了。目前已累積共31項、總共7大類的全方位政策，包含育兒政策、長者福利、青年政策、捷運三支箭計畫…等等，未來將持續新增。 官方網站將依照每週更新的頻率，提供各位最新的活動資訊；如果想要進行小額捐款，網站上有提供帳戶資訊，也有線上刷卡的服務。 網站會陸續增加其他服務與小彩蛋，歡迎踴躍分享，讓我們一起運轉桃園！💪,0.0,0.0,0.0,0.0,1.0,5
鄭運鵬,2022-11-15 00:00:00,https://www.facebook.com/100044626770324/posts/677027000461520,今天的政見說明會，我想告訴各位市民朋友，未來八年，鄭運鵬要讓大家學桃園。 過去八年，鄭文燦市長推動桃園學，率先全國實施育兒津貼，中央加碼跟進；65歲以上長者假牙補助44000元，全國最高；桃園1年工業產值3兆元，全國最多；投資台灣三大方案，桃園投資額超過3600億元，是全國第一。 我和鄭文燦市長一起為桃園打拚，我們成功讓航空城啟動、讓機場捷運通車、讓鐵路地下化動工。我們也感謝蔡英文 Tsai Ing-wen總統、蘇貞昌院長，給予桃園最多的建設與投資。 桃園八年人口成長21萬人，圖書館興建23間、運動中心增加10座、親子館增加20個，社區關懷照顧據點達338處、污水下水道接管率更是光速前進。 現在，市民朋友到外縣市旅行的時候，被外縣市的朋友稱讚桃園進步很多，這份光榮感，相信大家都有經驗。 我是桃園在地最資深的立法委員，我會用最照顧市民朋友的方式，整合國政和整合地方建設的能力。接下來八年，我要讓桃園成為格局最大、照顧最細，而且最貼心弱勢的新桃園。 世界需要台灣，台灣需要桃園！我們要讓護國神山台積電在桃園順利推動，讓航空城加速開發；接下來捷運系統要全面啟動，綠線和機場捷運成為環狀線、啟動捷運路網2.0；我們要推動首都圈北北基桃通勤月票1200元，讓通勤族更方便；鐵路地下化要打通交通瓶頸、縫合城市，市區都市更新大發展。 桃園的建設格局要做大，政府也要照顧到最弱勢的市民以及各族群。從我的生命經驗中，我體悟到從政者必須要去主動關心跟服務。因此，我在這次競選桃園市長，提出最多照顧市民朋友的政見。包括：市立兒童醫院、弱勢孕婦陪產假、罕病兒童家庭生活津貼、弱勢勞工再就業加碼5000元、市立高齡醫院等，希望做大家的遮雨棚。 有我在，請放心。市民朋友有放心的感受，從政才值得。 桃園要擔任基北北桃、桃竹竹苗的領頭羊，持續大進步。下一位市長應該具備執行力、協調力與魄力，延續鄭文燦施政好成績。未來，我要讓「大家學桃園」，透過貼心、可行、未來性的政見，讓我來做到，請大家票投③鄭運鵬，桃園進步不回頭，讓運鵬做桃園市民的靠山！ #票投鄭運鵬 #1126出來投票 #大家學桃園 #進步不回頭,0.0,1.0,0.0,0.0,0.0,2
鄭運鵬,2022-10-03 00:00:00,https://www.facebook.com/100044626770324/posts/643018077195746,是不是覺得這幾天秋老虎很兇？ 天氣熱，我給大家的熱情也很熱！ 說到帶來濃濃暖意的事情，蔡英文 Tsai Ing-wen總統實現 0-6 歲國家一起養政策，育兒津貼從原本的2500元，翻倍加碼，完整進化到5000元，已經陸續入帳！ 第二胎、第三胎，也都各自有加碼，蔡政府為大家做好防疫、顧好經濟，更為您加薪減稅增福利。 未來我會推動「#育兒福利多」，讓桃園「公托多」、「公園多」、「更好托」、「延長托」、「輕鬆托」、「待遇優」。完整政見內容，在我的競選官網都能看到：https://nicepon.tw/ 中央地方一條心，一起做家長的育兒神隊友。讓桃園成為爸媽可以安心生養的環境，我會全力以赴！ #運轉桃園大進化 #育兒津貼入帳 #養孩子政府幫,0.0,1.0,1.0,0.0,0.0,"2, 3"
鄭運鵬,2022-11-07 00:00:00,https://www.facebook.com/100044626770324/posts/671175164380037,謝謝龜山的超級好鵬友！謝謝每一位給我滿滿鼓勵與打氣的市民朋友！ #天天有十三區政見，今天在龜山區車隊掃街，感謝所有給我加油打氣的市民好夥伴，許多人聽到聲音，馬上探出窗外、走出門外，親自向我揮手，祝福我高票當選，誠心感謝大家的肯定！ 我也推動龜山區政見，包括在任內發包捷運棕線，加速改善林口交流道；完成文青國中小及附設幼兒園、興建大崗高中；完成楓茶米休閒農業區、大棟山風景區；興建龜山國民運動中心、設置大坪頂展演中心。希望讓龜山區的市民朋友都能好生活，交通再進化。請大家放心交給我，讓運鵬持續做各位市民朋友的最大靠山！ ✅龜山好生活，交通再進化 🔸加速龜山交通 🔘 捷運棕線任內發包，連接桃園火車站、龜山至迴龍 🔘 加速林口交流改善計畫，增設大坪頂及龜山市區停車場 🔘 推動通勤道路如青山路、文桃路、湖山街改善計畫 🔸完善龜山教育與社宅 🔘 完成文青國中小及附設幼兒園 🔘 興建大崗高中 🔘 完成A7站善捷段及中興段2處社會住宅 🔸加速龜山休閒農業 🔘 完成楓茶米休閒農業區，推廣自然生態環境 🔘 完成大棟山風景區，發展登山步道、休閒農業、拓寬大同路 🔸加入龜山生活機能 🔘 興建龜山國民運動中心 🔘 設置大坪頂展演中心 🔘 發展大崗物流產業園區 🔘 增設市民活動中心、公托中心、老人文康中心、親子館、共融式主題公園,0.0,0.0,1.0,0.0,0.0,3
鄭運鵬,2022-11-12 00:00:00,https://www.facebook.com/100044626770324/posts/674381747392712,"復興區的美，值得被全世界看見！鄭文燦市長這八年來，在各方面花了非常多心力照顧原住民族朋友，更在復興區推動用水、用電、用油、用錢正義，推動復興區觀光，打造了許多的基礎。接下來，我們也要讓復興區的市民朋友更安心、更放心，未來服務再加碼，希望未來每一位在復興區的好鵬友，可以幸福生活！ #天天有十三區政見，我推出的復興區政見，包括：完成巴陵加油站、推動北橫國家風景區、原住民族55歲以上裝假牙補助全國最高、擴大補助原住民族高中生及大學生就學津貼、發展復興地方創生產業等。讓每一個生活在復興區的好鵬友，都能在這裡享受生活、好好生活，也讓更多人可以體驗原鄉文化的魅力。 ✅復興北橫國家風景區，落實原民轉型正義 🔸有長照、有公托、好加油，原鄉生活更便利 🔘完成巴陵加油站 🔘解決行動電話通訊死角 🔘編列51個山泉水系統維護管理預算 🔘興建復興區長照中心、公托中心 🔘遠距醫療、巡迴醫療，照顧區民健康 🔘從寬編列復興區主要道路、部落聯外道路、產業道路預算 🔘擴大小黃公車、觀光公車 🔘一里一天幕廣場，一里一集會所 🔘完成介壽國中舊校區轉型為行政園區 🔸打造國際級觀光旅遊勝地 🔘推動北橫國家風景區 🔘優化北橫旅遊設施及商圈建設 🔘整合北橫探索節、拉拉山水蜜桃季、角板山梅花季、北橫櫻花節 🔘興建泰雅博物館、北橫探索訓練中心，泰雅運動中心 🔸原住民族福利再進化 🔘原住民族55歲以上假牙補助4萬4,000元，全國最高 🔘土地管制規定與部落溝通，確認容許使用項目，劃設部落為可建築的鄉村區，農園變更為農業用地 🔘發展地方創生產業，包括泰雅美食、民宿、露營、竹藝、水蜜桃、甜柿、茶葉、香菇、編織、馬告、小米等產業 🔘擴大補助原住民族高中生、大學生就學津貼 🔘推廣泰雅語言、文化、音樂、舞蹈、美食、工藝課程 #票投鄭運鵬 #復興放心交給我",0.0,0.0,1.0,0.0,0.0,3
鄭運鵬,2022-11-12 00:00:00,https://www.facebook.com/100044626770324/posts/674633427367544,滿滿的歡笑聲，整個城市都是孩子們的遊戲場！ 很高興可以邀請到還我特色公園行動聯盟（特公盟）一起舉辦「勇者號！街道遊戲」，在競選總部打造「快閃遊戲場」。這不只是特公盟首次與候選人合作，也是第一次將街道遊戲引進桃園。 一直以來，我很認同特公盟重視兒童權利、讓整個城市都是孩子們的遊戲場的理念，今天我也正式簽署「許孩子一個永續的遊戲城市」承諾書，未來擔任市長，會持續打造以兒童為本的遊戲城市，實踐兒童公民權。 看到活動現場，彷彿回到小時候，跟朋友一起把家裡物品再利用，自己動手做玩具的時光，現在我們也讓小孩感受那年代，利用回收物製造玩具的樂趣，藉由遊戲過程讓孩子的靈魂自由成長，自己做決定。 今天，有不少爸爸媽媽、爺爺奶奶帶著小朋友一起玩樂，把紙箱變成城堡、迷宮，廢紙和膠帶變成球，將廢輪胎和木板做成平衡探險和車子，在自由的環境裡，取得材料、發揮創造力和想像力，自在玩樂！ 桃園是六都最年輕的城市，我提出透過托育補助保母10500元、托嬰中心11500元減輕父母負擔，此外，我們要推動定點臨時托育服務，讓父母有更多彈性時間。另外，將來也將興建市立兒童樂園，讓爸媽遛小孩沒煩惱。最重要是我們要照顧小朋友健康，未來運鵬興建市立兒童醫院，小朋友健康讓運鵬來守護！ 桃園是一個友善親子的城市，我會持續推動各項親子政策，做爸爸媽媽最大的靠山！,0.0,0.0,1.0,0.0,0.0,3
鄭運鵬,2022-10-08 00:00:00,https://www.facebook.com/100044626770324/posts/647504033413817,昨天跟大家分享了我對於育兒政見的一些想法，今天想跟大家再分享一次我的長者政策——《長者四季春》。「#長者四季春」政策，想讓桃園長輩享受多，福利也多！ 第一季春「據點要舒適」： 提升桃園長照據點的硬體設備，優先裝設免治馬桶，並提升無障礙空間。 第二季春「健康樂活村」： 透過公私協力，發展智慧健康器材產業聚落，讓大家願意在桃園樂活共老。 第三季春「看診少排隊」： 籌設市立高齡醫院，方便長者看診。 第四季春「長輩挺庇護」： 開放敬老點數每月800點在庇護工廠消費，挺長輩也挺弱勢。 未來桃園除了是重視育兒的年輕的城市，也會是長輩最幸福的城市。之前跟大家分享過我的 Youtube 頻道，這些《勇者出任務》系列，在 Youtube 上都可以搶先收看喔！ #運轉桃園大進化,0.0,0.0,0.0,0.0,1.0,5
鄭運鵬,2022-10-07 00:00:00,https://www.facebook.com/100044626770324/posts/646776536819900,《陪伴你，與孩子一起成長》這支動畫影片，是我的配音初體驗。 我自己就有兩個小孩，我認為這支影片刻畫出許多爸爸媽媽，初為家長的憂慮與快樂。影片描述了家長養育孩子的過程，從產檢、居家育兒到孩子入學，一起度過的辛苦卻又甜蜜的考驗。 而政府和社會的支援，是讓年輕父母願意生養的助力。 桃園市是今年全台出生率最高的直轄市，也是育兒津貼的領頭推行城市，這不僅表示桃園是一個宜居城市，也表示政府的育兒政策正面提升了生育率。 奠基在桃園已具備的良好基礎上，我提出「#育兒六利多」，公托多、公園多、待遇優、更好托、輕鬆托、延長托，以及「#育兒三大加碼」，兒童樂園、弱勢媽媽陪產的協助、罕見疾病孩童的補助。 其中「#弱勢媽媽陪產協助」，想照顧的對象是那些最弱勢的媽媽、產婦。她們可能沒有婚姻配偶，或是先生沒有辦法即時協助照顧，在現行法律體制中，這樣的媽媽沒辦法找其他人來陪產。 現在立法院裡面，已經有陪產假及陪產檢假總共7天，但這無法幫助到最弱勢的單身產婦。 未來市政府會透過其他的機制，譬如開放產婦可以指定一個親友，來陪產或是進行陪產檢。又或者由市政府來設置陪產或陪產檢的專業社工人員，當單身的產婦需要幫忙的時候，就由市政府來協助。 未來的桃園市政府，希望能當「爸媽的好神托」，成為家長的育兒神隊友，讓小孩子都能在桃園平安、快樂的長大。 #運轉桃園大進化,1.0,1.0,1.0,0.0,0.0,"1, 2, 3"
張善政,2022-10-13 00:00:00,https://www.facebook.com/100044377241488/posts/849206213235279,全台唯一婦幼局，服務全集中 產前顧到產後，桃園善好孕 桃園是年輕父母比例最高的城市，是一個年輕且充滿未來可能性的城市。但不可否認地是，女性因為生理的緣故，總是面對更多壓力與風險。因此，我認為在討論生育議題時，女性一定要優先被照顧！ 我主張成立全台第一、六都唯一的「婦幼局」，服務內容包含女性各個階段的需求： 從「懷孕前」支持女性的選擇權、補助凍卵； 「懷孕中」產檢、就醫通勤的服務； 到「產後」心理諮詢、重返職場， 這是我所提出的「Total Solution」，要在每一個環節盡可能服務更多一點，希望讓桃園的女性好孕好養、兼顧職場！將服務全集中、一站式解決問題！ 我們婦幼局第一個要推的首發政策，就是「婦幼六善好，桃園善好孕」，以下「六個善好」，希望從女性、幼兒角度出發思考問題，要全面支持女性的職涯發展、讓幼兒健全成長！ ❤️第一好 凍卵營養金一萬元❤️ ❤️第二好 育兒津貼多一胎加一萬 ❤️ ❤️第三好 好孕專車2.0 通勤要補助❤️ ❤️第四好 產後心理諮商，產婦不再憂鬱❤️ ❤️第五好 支持企業托育 支持女性重返職場❤️ ❤️第六好 兒童專屬運動場域❤️,0.0,1.0,0.0,0.0,0.0,2
張善政,2022-10-17 00:00:00,https://www.facebook.com/100044377241488/posts/852025906286643,讓「偶然」來到桃園的青年 變成「必然」待在桃園一輩子！ 在這次參選桃園市長的青年後援會成立活動上，看到很多充滿朝氣的年輕人，讓我感到無比的信心💪 桃園，是六都中最年輕的城市，桃園的未來要由青年們驅動！因此這次參選以來，我陸續提出多項青年政見，在科技新創、友善創業、職涯機會、育兒輔助、教育政策等各方面用行動支持年輕人！ 未來，我要用科技專業與經驗，打造2030年的「桃園3.0」🤖️，用國際化的政策，發揮桃園作為國門之都的優勢，引入更多的國際科技企業落地，成為「台灣新創門戶」，讓桃園的企業利潤提升、青年薪水調升。 🌍桃園的將來，不只會是台灣的桃園，也會是亞洲的桃園、世界的桃園！ 💁‍♀️針對想生育但是工作忙碌的青年，我提出全台第一創設「婦幼局」的構想，從全過程支持女性，從凍卵補助、增加育兒津貼，到推出「好孕專車2.0」等等，支持年輕女性兼顧職涯發展與家庭的選擇權！ 🧑‍🎓對還在讀書的年輕人，我也支持「18歲公民權」、積極打造更多就業機會，讓年輕人從參與公共事務到進入職場，都有最友善的環境，讓市府當年輕人的靠山！讓我們的民主更完善、經濟更繁榮！ 🧑‍💼對有夢想、有idea開創自己事業的青年，我也已經提出青創的「五個友善」，要支持年輕的創業家、地方創生家，讓青年關心的創業項目優先被關注，同時引入新科技，幫助青年創業！ 👨‍👩‍👧‍👦對已經成家立業的青年，我的政策也正一步一步到位，要從育兒顧老、教育等各種方面支持年輕人，讓青年可以專心拚事業，政府跟你一起顧老顧小！ 我希望，打造一個更好的桃園，使不管是本來就住在桃園，或是像我一樣因為工作、求學，而「偶然」來到桃園的青年，一輩子待在桃園變成「必然」！青年要的未來，張善政做得到！,1.0,0.0,0.0,0.0,0.0,1
張善政,2022-08-08 00:00:00,https://www.facebook.com/100044377241488/posts/801052568050644,#桃青善政 ➽ 育兒顧老挺青年，爸媽無憂拚事業 桃園是個年輕的城市，我們有全台第二多的嬰幼兒。而三明治世代的年輕人，不只在乎托育，也關心長者照護。 真正有效的政策，不只是「撒錢」❌，甚至「只顧小，不顧老」，而是「投資」✅真正改善幼托與顧老體系，老小都照顧，才能讓桃園每個家庭都平安健康、幸福快樂。 在父親節這天，善哥要為年輕爸媽提出「育兒顧老挺青年，爸媽無憂拚事業」好政策！挺年輕人安心在桃園生，桃園養，跟著桃園一起成長！ ➽托育善政：#優化待遇 超越雙北 小寶貝更容易找公托 公托托育人員在現有薪資基礎上再提升，待遇六都第一！ ➽育幼善政：#品質提升 放心的生 父母安心托育免煩惱 運用數位化管理提升效率及環境安全！ ➽公托善政：#公托翻倍 育兒不累 減輕父母抽籤焦慮 重新調整公托發展資源，翻倍公托收托人數、降低候補數！ ➽顧老善政：#終身學習 顧老無礙 協助日間照顧銀髮族 推動「活躍老化」，讓年輕朋友安心打拚，市府來照顧銀髮族，實現樂活桃園！ ➽數位善政：#科技托育 數位照顧 規劃醫護視訊關懷老幼機制 疫情期間與在地醫療單位合作規劃長照、幼托機構及幼兒園的「醫護視訊關懷機制」，守護孩子與長輩的健康！ 在父親節這一天，善哥提出善政，幫大家一起顧小孩、顧爸媽，更要祝每位偉大的父親天天快樂，也期盼每位寶貝都能快樂長大！,1.0,0.0,1.0,0.0,0.0,"1, 3"
張善政,2022-08-17 00:00:00,https://www.facebook.com/100044377241488/posts/806791150810119,🫧🫧 大人小孩都愛的泡泡派對🫧🫧 在桃園風禾公園參加「有愛無礙泡泡親子派對」，現場的小朋友玩得很開心，我也覺得很好玩，疲勞瞬間消除了❤️ 看見孩子的笑容，更覺責任重大。我之前提出「#桃青善政」，要「提高公托人員薪資💵」、「翻倍公托收托人數📈」，就是要讓年輕人在桃園安心生、安心養，讓孩子平安健康地成長！,0.0,1.0,1.0,0.0,0.0,"2, 3"
張善政,2022-11-21 00:00:00,https://www.facebook.com/100044377241488/posts/879332773555956,【Focus Young】市民眼中的桃園未來 大家眼中的桃園，未來應該是什麼樣子？ 選戰進入最後的倒數，非常感謝《上報》記者朋友製作的《Focus Young 張善政眼中的桃園未來》專題報導，讓我在面對抹黑攻擊的喧囂聲中，可以持續用理性、務實的政策牛肉與市民溝通。 專題內容收錄了最新刊出的三篇政見，包括： ✅桃北北基1280月票、桃園產業升級，跨縣市、在地青年都要幫助！ ✅育兒津貼多1胎加1萬、推動高齡友善換居，與三明治世代一起分擔壓力！ ✅加速建設社會住宅既有目標數、提升勞工職訓與保障，讓市民安心打拚！ 還有許多的政見以及期盼，在我心中醞釀，更期待要和大家一起來實踐！ 選戰倒數時刻，還沒有決定好要投給誰嗎？ 請借給我①分鐘，向你說明「我所看見的桃園未來」！ 民進黨執政八年的漏洞，我用專業來補正💪 民進黨執政八年做不到的，我用經驗與視野來做❗️ 1126，挺善良、專業，市長請投①號張善政！,0.0,1.0,0.0,0.0,0.0,2
張善政,2022-11-11 00:00:00,https://www.facebook.com/100044377241488/posts/871021507720416,１起為桃園拚第１❗️ 這是個一生一次的特殊時刻， 民國111年11月11日11點11分， 不僅是「雙十一」，更有11個1！ １１１１１１１１１１１ 桃園是個充滿活力的城市， 也有許多值得更好的地方， 要和各縣市良性競爭、 和國際看齊，我們要更努力💪 我正在為桃園打拚的路上， 我會和所有愛桃園、 為桃園奮鬥的朋友們一起， 為桃園拚更多第1！ １１１１１１１１１１１ 💪拚 教育第１ 教育國際化，學習科技化 💪拚 青創第１ 五個友善挺創業就業 💪拚 數位第１ 智慧城市，接軌矽谷 💪拚 勞權第１ 增加就業，強化保障 💪拚 公安第１ 公安總體檢杜絕豆腐渣 💪拚 交通第１1280月票串桃北北基 💪拚 行人安全第１ 人行道翻倍，推動總體檢 💪拚 公托第１ 公托翻倍，品質提升 💪拚 婦幼第１ 全台第一婦幼局 💪拚 長照第１ 日間照顧，終身學習 💪拚 永續發展第１ 顧生態，護環境,0.0,0.0,1.0,0.0,0.0,3
張善政,2022-10-10 00:00:00,https://www.facebook.com/100044377241488/posts/846801090142458,用行動支持18歲公民權🙆‍♂️🙆‍♀️🙆 📣為青年發聲 我們一起站出來 中壢的「銀河廣場」是許多桃園年輕人假日休閒、看電影會經過的地方，所以，我也和國民黨青年團一起來這裡街講，表達對於年底「18歲公民權」公投案的支持！ 過去我在Google、宏碁服務的時候，見識到很多年輕人的創意、活力，無論是透過E-mail或面對面和年輕同事溝通，一點都沒有阻礙，我很喜歡這種平等、開放的工作氛圍。 今天站出來支持年輕朋友的公民權，也是一樣的道理，就是要替年輕人爭取平等參政的權利、讓他們可以為公共事務發聲、發揮創造力，讓更多人共同參與的台灣，變得更美好！ 桃園，是六都中最年輕的城市，年輕人能及早關心公共議題，我們才真的是一個民主的國家、民主的社會，因此，我百分之百支持18歲公民權！我也希望大家一起來支持，讓公投案在年底可以順利過關。 「18歲公民權」是一個國際的趨勢，國民黨也很早就提出、並支持這樣的進步主張。目前，我也已經推出各項政見，含括青創、交通、育兒、勞動、教育等各領域的政策，希望能讓桃園成為一個對青年發展最友善的城市。 用行動支持青年、讓18歲公民權修憲案順利通過，讓我們一起努力！,0.0,0.0,0.0,0.0,1.0,5
張善政,2022-11-05 00:00:00,https://www.facebook.com/100044377241488/posts/866556411500259,桃園善好孕 婦幼放第一！ 讓桃園成為婦幼最友善城市 「我希望孩子健康平安長大🤱」 「我希望孩子的營養午餐能吃得安心…」 「我希望孩子的公托能不再排隊…」 這是所有父母的期望，更是桃園爸爸媽媽們的期望。 我們規劃了從「產前」到「產後」的完整方案，讓媽媽無後顧之憂；增設全台第一、六都唯一的婦幼局，讓婦女和孩童在桃園最有保障！ 我當市長，會為婦幼想更多，做更多， 讓桃園成為對婦幼最友善的城市！,0.0,1.0,1.0,0.0,0.0,"2, 3"
賴香伶,2022-10-16 00:00:00,https://www.facebook.com/100046959711590/posts/636214631287188,參加市長候選人教育政策論壇 #回歸教育辦學本務 #本土文化多元並進 今天上午參加桃園市教師會、各級學校教師產業工會、家長會長協會等單位舉辦的「2022桃園市市長候選人 #教育政策論壇」，與其他三位對手同台說明教育問題。其實無論教育、交通、居住正義等問題，市民都想要知道市長候選人提出什麼政見，我希望其他三人也能接受邀請舉辦辯論會，讓選舉回歸政策本質，不要有其他抹黑問題，我願意邀請其他三位候選人共同主辦辯論會。 教育是國之根本，地方教育預算逐年增長，桃園已經增長到四百多億元，我希望打造桃園的優質環境、提升桃園教育環境，特別是保障學生受教權、老師工作權。我與其他候選人不同在於，我希望教師行政要減量，很多老師除了教學之外，還要被各單位、局處要求提供各種資料文件，排擠教學、備課時間，針對「＃行政減量」我會籌組工作小組逐項檢視。 其次是，2030雙語政策之下，我擔憂的是老師們教學、受教品質是否受到衝擊，要改善教學亂象，像國文老師教甄考英文、卻不考中文，有教學能力的老師因英語能力卡關而失去參加教甄的資格，健康、體育等其他科目必須英語教學等，導致出現教學現場外語、學科兩頭空等問題，這些我都會就教老師第一線的經驗逐步調整。 桃園教育文化要深耕，多元語言職缺必須開專職缺，讓本土語老師有優質工作保障，真正落實多語教學。外師也必須訂定評鑑標準，不能只是會講英文，卻在母國沒有教學經驗也來教書。 桃園公托明顯供不應求，在桃園區、中壢區的公托備取竟可達一兩百多人，八德、平鎮、楊梅都有類似問題，我希望四年增加50%公托家數，並改善教保人員薪資待遇，不僅留住教保人才，也吸納更多人投入教保工作，才能在四年內將師生比1:15逐步降至1:12，透過提供專業加給，改善教保人員低薪、流動率高問題，才能維繫幼教品質。 我也主張桃園必須 #均衡學區發展 #消弭教育不平等 ，因應新興重劃區的新增人口，除了應提前部署新設學校外，也必須同步活化現有社區學校，讓新校、老校成為共生發展的伙伴學校，透過對老校的補助機制，鼓勵老校活化、學生回流，透過實驗教育、特色教學讓老校重生。 針對代理教師納編，我日前也請教育部與教師工會座談，代理教師代理的是正式職缺，工作內容與編制內教師相同，但代理教師無法參加校務會議、教評會、考核會等事務，再擔心沒工作之下，代理教師也鮮少敢申訴，我若上任將給予代理教師完整聘期，許多正式教師都曾是代理教師，代理教師的權利義務、支給待遇應該比照學校專任標準辦理。 #讓認真的來 #教育政見 #應速辦桃園市長候選人辯論會,0.0,0.0,1.0,0.0,0.0,3
賴香伶,2022-07-15 00:00:00,https://www.facebook.com/100046959711590/posts/818214646229105,【黨團記者會】公托不足，家長重負,0.0,0.0,1.0,0.0,0.0,3
賴香伶,2022-11-09 00:00:00,https://www.facebook.com/100046959711590/posts/1829212404085977,今日主題，幫助年輕爸媽敢生敢養！ 生育補助、公共化托育提升到80%、私幼補助13660提升到54640 居住正義：持續興建社宅，只有社宅的數字足夠 才能平抑租屋市場價格，目前台北市興建社宅是六都第一 之後還會興建未來宅，讓長輩搬到有電梯的社宅 舒舒服服地等待新居落成！,0.0,1.0,1.0,0.0,0.0,"2, 3"
謝龍介,2022-11-24 00:00:00,https://www.facebook.com/100044147934163/posts/710655223749402,翻轉台南！照顧青年、照顧老人、生育津貼、馬上辦中心...一定做到。 執政黨說，他什麼都不用做，大家還是會蓋給他，你們還會投給他嗎？ #謝龍介 #台南 #老人健保免費 #生育津貼 #馬上辦中心,,,,,1.0,5
謝龍介,2022-11-23 00:00:00,https://www.facebook.com/100044147934163/posts/710050430476548,黃偉哲市長說「老人健保免費」是敗家政策，但六都的台北、新北、桃園、台中、高雄都已經實施「老人健保免費」。台南市一年有1000億預算，補助老人健保要大約18億，只要預算好好分配，龍介一定做得到，照顧老人絕對不是敗家。 另外，龍介希望鼓勵年輕人回台南發展，力推「006688，青年住宅兩年免費」，生育津貼第一胎三萬、第二胎五萬，三歲以下尿布免費...幸福是敢戀愛、敢結婚、敢生小孩，台南需要你們一起來經營，龍介也一定會照顧大家。,,1.0,,1.0,,"2, 4"
謝龍介,2022-11-22 00:00:00,https://www.facebook.com/100044147934163/posts/709425690539022,每個人年輕時打拚付出，年老時應該要受到照顧。龍介希望台南的「老人健保」可以免費，現在六都裡面就只有台南沒有，台南其實可以做得到。 龍介從政以來，不斷打貪揭弊，也督促自己不能官商勾結，對市民要忠誠，所以我想成立「馬上辦中心」，任何人都可以到市長室陳情，龍介不推拖，親自替市民收件交辦，不讓市政人員刁難市民。 台南少子化嚴重，年輕人不生孩子，怕養不起，因此龍介想鼓勵大家結婚生子，生育補助第一胎三萬、第二胎五萬，三歲以下尿布免費，陪你一起養小孩，減輕負擔，在我的心裡，幸福就是敢戀愛、敢結婚、敢生小孩。 台南的未來需要青年回鄉一起發展，用容積率換社宅，讓人人有房住，再推青年社宅二年免費，協助青年工作、創業，希望你們回來跟龍介一起經營台南，你們就是這裡的未來。 我是台南市長候選人 3 號 謝龍介 給我4年，讓你懷念40年！ 感謝 韓國瑜 徐巧芯 江啟臣 趙少康 馬英九 羅智強 朱立倫 童小芸競選團隊 支持！,,1.0,,,,2
謝龍介,2022-11-16 00:00:00,https://www.facebook.com/100044147934163/posts/704939040987687,#改變的時候到了！ 是我在第一場台南市長政見發表會演說的主軸，具體做法，包括「006688」租金優惠補貼、國中小營養午餐免費，以及生育獎勵金提高為第一胎3萬元、第二胎起5萬元，減輕年輕人負擔，迎戰少子化危機。 並且再次公開保證，上任一年內，落實全額補助台南市65歲以上長者健保費，即使市議會審議預算不及，也一定回溯到明年元旦實施。 謝龍介要打造的新台南，將是「老有所終，幼有所養」，「公平正義，政治清明」，還要「兼容並蓄，古今交融」。 錯過的朋友，請點閱留言中的連結補課，那都是我想對大家說的心內話。是對鄉親的保證，對故鄉的情書；當市長的宣示，最莊嚴的誓言。,,1.0,,,,2
謝龍介,2022-11-05 00:00:00,https://www.facebook.com/100044147934163/posts/696368011844790,「龍介新政，十大保證」總覽 https://reurl.cc/EX7Dqg 📌敬老 ・全額補助老人健保費 ・每月最高826元補好補滿 https://reurl.cc/lZVMdd 📌好孕 ・ 25到35歲女性凍卵補助3萬元 ・婚後孕前補助28趟產檢交通費，每趟200元 ・生育津貼第一胎3萬、第2胎起5萬 ・3歲以前免費發放尿布，由市府統一採購，里長發送 ・擴大公托，閒置校舍轉型為幼兒園 ・托嬰托幼每月補助3000元 https://reurl.cc/10xpGV 📌兒少 ・國、中小學營養午餐免費，減輕家長的壓力 ・因應漲價趨勢，該漲即漲，不能犧牲食品安全 https://reurl.cc/91EQvV 📌道安 ・立即改善台南交通事故率 ・以人為本，建設綠色行人專用道 https://reurl.cc/58oWYR ・終止T-Bike系統，全面更換為YouBike ・應用大數據分析，擴大設立租賃站點，增加車輛數 ・完善台南市公共交通路網 https://reurl.cc/58lEpq 📌治安 ・建置城市全影像系統，並整合現有治安、災防，與交通等監視系統 ・以整合完成之影像系統為基礎，規劃設立多功能「戰情室」，透過數位化、資訊化、雙向化，「即時監控，及時處理」 https://reurl.cc/6LyOA6 ・補足消防員額短缺 ・加發消防危險津貼，激勵士氣，吸引人才 https://reurl.cc/nZn362 ・市長親自督導，追辦台南三安（治安、消安、道安） ・嚴厲取締酒駕，保障用路安全 ・強化科技執法，整頓危險駕駛 https://reurl.cc/10gVgX 📌青年 ・成立青創基地園區，推行三減五免，降低房屋稅、地價稅等負擔 ・結合古都古蹟特色，每年舉辦府城文創及青創大賞 ・成立新移民小組，友善新住民及移工，強化與母國的聯繫 ・陸籍新移民四年入籍及工作權 https://reurl.cc/ymn8yq 📌居住 ・成立青年租屋平台，委外經營、獎勵出租、補貼青年租屋 ・社會住宅只租不賣，推行「006688」政策，前兩年0租金，第三、四年6折，第五、六年8折 ・容積獎勵回饋青年與社會住宅 ・30年以上老屋補助健檢，包含補強結構安全、增設電梯、立面修繕拉皮 https://reurl.cc/10gV4X,,1.0,1.0,1.0,,"2, 3, 4"
謝龍介,2022-09-28 00:00:00,https://www.facebook.com/100044147934163/posts/666992421449016,今天是928，龍介祝福所有老師「教師節快樂」！ 我對教育政策主張： 📍優化托育環境，增設公共化幼兒園，改善幼兒園遊戲場。 📍盤點閒置或廢棄校舍，輔導轉型為公托中心，或公共家園。 📍提供免費校園營養午餐。 📍培育新住民及其子女，兼容並蓄，鼓勵多元文化。 📍導入資訊創新科技，提升教學品質與效率。 📍加速老舊校舍整建。,,1.0,1.0,,,"2, 3"
謝龍介,2022-09-24 00:00:00,https://www.facebook.com/100044147934163/posts/664136928401232,今天「#百廟祈福」前進安定區，除了本黨參選人林全忠出席，另名參選人李文俊團隊同行，還加入一位特別嘉賓，就是民眾黨參選人洪岳銘。我一向的主張，就是在台南市民的福祉之前，在野力量必須團結制衡民進黨。 岳銘是位優秀青年，我也樂見他認同我的政見，包括全額補助老人健保、3歲以前嬰兒由市府免費配發尿布、生育津貼提高為第一胎3萬、第二胎5萬，以及國中小營養午餐免費。我也再次向神明起誓，全額補助老人健保，將在當選後一年內做到，做不到，不用等人來罷免，我自己就請辭負責。 卅年了！台南市就像久沒清理的廚櫃、藏汙納垢、蟑螂橫行。民進黨不會，也無法處理的貪官污吏，就讓謝龍介來抓！,,1.0,,,,2
謝龍介,2022-09-21 00:00:00,https://www.facebook.com/100044147934163/posts/661952985286293,台語有一句話「手抱孩兒才知父母時」！ 小時候父母照顧我們，等我們生孩子的時候才知道養兒的困難，才能體會父母的艱苦。 台灣有9個縣市營養午餐不用錢，台南市營養午餐卻沒有補助，且台南市在近五年間，吃營養午餐食物中毒的小朋友有2567人…台南市政府應該要重視這個問題。 所以龍介主張「國中小營養午餐免費」，減輕我們年輕爸爸媽媽的負擔，「未來營養午餐廚房要加強管理」讓我們的小孩吃營養午餐越吃越好，替下一代守護健康。 #謝龍介 #龍介仙 #台語 #台南 #政治 #育兒 #少子化 #補助,,1.0,,,,2
謝龍介,2022-09-13 00:00:00,https://www.facebook.com/100044147934163/posts/656085889206336,全台共有9個縣市全額補助國中、小營養午餐。六都直轄市，還沒有任何一位首長做到全額補助，但就像是黃偉哲市長一貫的行事風格，雖然大家都是部分補助，但台南的補助又是六都之中最少！舉例來說： ⚠️台南市營養午餐全額補助的對象只有「中低收入戶」、「遭逢變故」、「其他因素經導師認定」之國中、國小生。 ⚠️桃園市，台中市同樣門檻，皆有涵蓋補助到高中生。 就如同我早先談過的老人健保費，生育津貼，各種托育補助一樣，台南市的狀況，都是只要白紙黑字列出來，就是比人差一截！ 以110學年度為準，台南市國小學童有9.2萬人，國中生則有4.7萬人，扣掉已經接受補助的經濟弱勢，與百人以下學校生約2萬人，仍有12萬人。而現行每月營養午餐費，國小收費680到795元，國中收費700到825元，平均每月750元，算一算，市府每年只要多編列約8億元，就能讓所有國中、小孩子們免費享用營養午餐。 這筆錢，台南市編不出來嗎？反觀人家台中市部分補助，一年就編10億元！ 再次強調，謝龍介主張： 📌國中、小營養午餐免費 未來，龍介新政落實，配合老人健保補助每月最高826元，一個三代同堂的家庭（家有四老兩小），每個月家庭支出可以減少約4800元新台幣，取之於民，用之於民。,,1.0,,,,2
謝龍介,2022-09-12 00:00:00,https://www.facebook.com/100044147934163/posts/655550025926589,有鄉親取得台南市政府社會局做的廣告文宣，介紹生育獎勵金，育兒津貼，還有托育補助，今年都有「加碼」，最後補上一句「黃偉哲關心您」。乍看之下，就像是偉哲兄的政見，仿佛他終於意識到台南少子化危機，連忙端出托育政見。 其實，誤會大了！育兒津貼，托育補助，都是中央的政策，換句話說，拿中央的政策，魚目混珠為自己的政見，就是在欺騙台南市民，讓市民以為福利很多，其實不管市長是黃偉哲，還是謝龍介都有！ 到頭來，偉哲兄這四年任期，唯一可說是自己本事的托育政策，只有生育獎勵金的加碼，但卻只有其他五都的一半。 龍介新政，才是真正的牛肉，我 #有一說一，#說到做到，不會像偉哲兄那樣，每次都藏有「貓膩」，上次補助老人健保費，說比照新北市，已經被踢爆是偷換概念，這次育兒托育津貼又來一次，不要「有喙無心」，「摜籃假燒金」，實在很沒誠意。 #台南值得更好,,1.0,,,,2
謝龍介,2022-09-09 00:00:00,https://www.facebook.com/100044147934163/posts/653520019462923,台南市國、中小學營養午餐免費是我民生福利政見的第三支箭，與第一支箭，老人健保全額補助；第二支箭，全面提高生育津貼福利及公托環境相呼應。在年齡與社會結構上，如果說老人健保是照顧長輩、關懷銀髮族，生育津貼是照顧幼年及其家長，鼓勵生育；那國、中小營養午餐免費就是給正在成長的孩子們更好的營養，及食安保障。 ⚠️全台目前有9個縣市實施國中小營養午餐免費，但台南沒有！ ⚠️六都皆有對弱勢學童補助營養午餐，但台南的門檻最高、補助範圍最少！ ⚠️全球物價飆漲，根據民調顯示有92.4％的家長認為午餐費應該漲價！ ⚠️但台南不敢漲，因為怕家長反彈，導致在不減少菜量的情況下，犧牲食安！ ⚠️2016到2020五年期間，台南校園食物中毒受害人高達2567人次，全台最多！ 台南市的營養午餐政策掉進一個走不出來的漩渦，家長自費所以不敢漲價，但萬物皆漲所以只能犧牲食品安全把關，造成更難以挽回的校園食物中毒，但家長們最在意的恰巧是食品安全，結果就是民進黨讓家長們徹底失望，也荼毒正在成長的孩子們。 龍介主張： 📌國、中小學營養午餐免費，減輕家長的壓力 📌因應漲價趨勢，該漲即漲，不能犧牲食品安全,,1.0,1.0,,,"2, 3"
謝龍介,2022-09-08 00:00:00,https://www.facebook.com/100044147934163/posts/652714766210115,台南市不只產檢補助、生育津貼不如人，始終不願投資托育，公托家數吊車尾，遠不及其他五都零頭，說是慘不忍睹，也不為過。 若以新北市作為對照組，根據衛生福利部的統計，新北市2018年有公托60所，可收托人數3281人，到了2019年，成長到64所，可收托人數3563人，2020年85所，可收托人數4202人，2021年93所，可收托人數4755人，2022年截至6月，新北市公托已經成長到103所，可收托人數5066人，不過就在我兩天前到請益參訪時，原來已經成長到106所，侯友宜市長更當場掛保證，年底會增加到120所，可收托人數突破6000人。 換句話說，侯市長在四年任期內，就拚出了60家公托！反觀台南市，一度全市只有一所公托，黃偉哲市長任期就快結束了，可收托的台南囝仔，也還不到200人： ⚠️2018年，台南市公托1所，可收托12人。 ⚠️2019年，台南市公托6所，可收托71人。 ⚠️2020年，台南市公托6所，可收托72人。 ⚠️2021年，台南市公托11所，可收托96人。 ⚠️2022年，台南市公托12所，可收托150人（截至6月）。 這樣的成績攤開來，我心裡實在難過，民進黨長年獲得台南鄉親死忠支持，卻沒有拿出執政成績回報，人口外移，出生率最低，#生育津貼六都最糟、#產檢補助門檻最高，#公托六都最少，都是白紙黑字，一比就知。 龍介主張，零到六歲的囝仔，由台南市政府全力協助父母們「一起養」，具體措施包括： 📌3歲以前免費發放尿布，由市政府統一採購，里長發送。 📌擴大公托，閒置校舍轉型為幼兒園。 📌托嬰托幼每月補助3000元。 #台南值得更好,,1.0,1.0,,,"2, 3"
謝龍介,2022-09-07 00:00:00,https://www.facebook.com/100044147934163/posts/652213342926924,生育津貼六都最少，產檢補助門檻太高 台南市人口持續減少，主要原因之一就是生育率太低，但是台南市的生育津貼卻只有其他五都的一半，產檢補助門檻又太高，看得到，吃不到。 以生育津貼來說，台灣生兩胎的家庭最多，但台南市生第一胎、第二胎的補助卻最少，要生到第五胎才補助五萬元，試問現在有多少父母會生到第五胎？這種脫離現實的津貼政策，根本不是解決問題，不是造福市民，倒像是為了宣傳而宣傳，台南市政府竟然還沾沾自喜，編了順口溜說：「五燈獎，過五關，獎五萬」。 六都第一胎及第二胎的津貼，數字一比就知道，台南市都是最少： ⚠️第一胎補助 1萬元：台南市 2萬元：台北市、新北市、台中市、高雄市 3萬元：桃園市 ⚠️第二胎補助 1.2萬元：台南市 2萬元：新北市、台中市、高雄市 2.5萬元：台北市 3萬元：桃園市 此外，台南市現行的產檢補助門檻也極為嚴苛，相較於新北市直接補助孕婦28趟，每趟200元，台南市的孕婦如果想申請交通費補助，必須是懷孕20週以上且符合居家安胎者。每趟最高補助200元，補助上限金額為4000元，一次來回，就算兩趟。 謝龍介主張： 📌生育津貼第一胎3萬、第2胎起5萬元。 📌比照新北市，補助28趟產檢交通費，每趟200元。 #台南值得更好,,1.0,,,,2
謝龍介,2022-09-06 00:00:00,https://www.facebook.com/100044147934163/posts/651384223009836,「#台南有像新北市的托育中心嗎？」 當我遇到台南北漂子弟，總是勸他們返鄉發展，卻經常被問起這題。而說來慚愧，還真的沒有。 台南市，截至2022年6月，只有12所公托，好不容易成立第13所，收托人數僅有100多人。反觀新北市，在朱立倫前市長任內開始建設，侯友宜市長任期還未滿四年，又新增60所公托，在出發前我請幕僚幫我準備數字，衛福部官網統計到6月，是103所，今天聽到侯市長親口說，兩個月內又增加到106所了，年底前會增加到120所，收托人數將超過6000人。中央統計，甚至趕不上新北建設的速度。 感謝侯市長完全不藏私，對於托育政策傾囊相授，還向我保證「自己市政有經驗，儘管隨時問」，而我受益最多的，是體認到首長的價值，台南市光是新增一所公托，跨局處會先吵個大半年，大家都是國家考試出來的公務員，怎麼會差這麼多？其實關鍵就是首長的領導力與態度，態度對了，成績就出來了，有嘴有心，不要「提籃假燒金」。 感謝侯市長，好兄弟，沒話說，#台南值得更好，南北攜手共好。,,,1.0,,,3
謝龍介,2022-09-05 00:00:00,https://www.facebook.com/100044147934163/posts/650851863063072,明天上午，我將北上參訪新北市中和區的民享公共托育中心，當面向新北市長侯友宜請益市政，重中之重，就是托育政策。 這些年，新北市府對抗少子化所付出的努力，有目共睹。政策規劃、福利津貼，軟硬體建設，都讓台南市府「看不到車尾燈」。 例如新北市民在婚後孕前就享有健檢補助，孕婦孕期也補助產檢交通費，台南市不是沒有，就是門檻極高。新北市發給頭兩胎的生育津貼2萬元，第三胎起3萬元，比起台南市一胎1萬元，二胎1.2萬元，也多了將近一倍。 但新北市真正傲視全國的，是 #公托家數破百，可托育人數超過5200人，都是全國第一！反觀 #台南市今年才設立第13所，可托育人數僅僅是新北市的零頭。 同樣都是直轄市，新北市能，沒道理台南市不能，這無關市長面子，而是市民待遇「裡子」的問題，我已經等不及要向侯市長請教，帶領台南市迎頭趕上。 #卅年投一次輪替 #台南值得更好,,,1.0,,,3
謝龍介,2022-09-05 00:00:00,https://www.facebook.com/100044147934163/posts/650740246407567,#全面加碼生育補助，#零到六歲咱一起養 台南人口流失，少子化，老齡化的問題，相較於其他五都，已經形成重大危機，幾項數據，觸目驚心。 ⚠️台南市人口，從2017年的188萬6522人，降到今年僅185萬865人。 ⚠️台南市人口，相較於黃偉哲市長上任時減少1.6％，連續五年負成長。 ⚠️0到30歲人口10年來驟減逾14萬人，從71萬人，減少至57萬人。 ⚠️0到14歲幼年人口自2010年開始持續下滑，十年內從27萬人，下滑到21萬人。 ⚠️65歲以上老年人口始終上升，十年內從21萬人，上升至32萬人。 台南市出生率在六都之中敬陪末座，2021年僅有5.16‰。其他五都皆在6‰以上，桃園市更高達8.9‰。台南市新生兒人數，在2021年首次跌破萬名，只有9634人。 年輕夫妻不願意生育，或者不願意留在台南市生育，因為民進黨執政這些年，既不尊重長輩，也不照顧幼兒，台南市的生育福利政策，竟然也是六都最糟！例如，台南市第一胎的生育津貼竟然只有1萬元，其他五都至少2萬元以上，而這1萬元還是今年才調的，原本只有6000元。 黃偉哲市長早先宣布，生育津貼最高5萬元，但那是第五胎才有的福利，試問現在還有多少夫妻願意生五胎？到頭來，就跟補助老人健保費一樣，都是話術！這樣騙，真的沒有意思。 謝龍介主張： 📌25到35歲女性凍卵補助3萬元 📌婚後孕前補助28趟產檢交通費，每趟200元 📌生育津貼第一胎3萬、第2胎起5萬 📌3歲以前免費發放尿布，由市政府統一採購，里長發送。 📌擴大公托，閒置校舍轉型為幼兒園。 📌托嬰托幼每月補助3000元。 我明白，少子化危機，不是光用津貼就能解決，也不是一朝一夕就能改變年輕人不願意生養的觀念，但做為首長，必須儘可能運用政策工具，增加誘因，現在再不做，就太遲了！,,1.0,1.0,,,"2, 3"
謝龍介,2022-08-28 00:00:00,https://www.facebook.com/100044147934163/posts/645116880303237,全代會的後台，就像一場久別重逢的同學會。平常大家忙於公務與選戰，難得聚在一起，好像有說不完的故事，還要互相加油打氣，合照留念。 記者朋友很關心，夏立言副主席訪陸返台，民進黨政府急著「抹紅」，會不會影響選情？只能說「難免」，但兩岸終究要和平避戰，對話是必須的，跟親不親中，沒有關係。民進黨政府做不到，國民黨得盡一份力。 也有記者朋友關心，林姿妙縣長被起訴，民進黨政府又急著「抹黑」，是不是也會影響選情？任何政治人物，貪污屬實就關到死，毫無懸念，但林縣長被搜索四次，都沒有確切證據，強行起訴，是肅貪？還是追殺？就交給法院判決。 謝龍介當選，0到3歲幼兒所需之尿片，將由台南市政府向廠商大量採購之後，透過里長發放，估計可幫父母年省近萬元開支，同時，我將立即提高生育補助金，生第一胎發3萬元，第二胎起5萬元。民進黨朋友們儘管冷嘲熱諷，卻又無力改變台南市每年新生兒從1.5萬人，跌到只剩每年9000人的重大少子化危機。 全代會之後，我將在9月1日登記參選。興利除弊，打造台南市成為「幼有所養，老有所終」的幸福城市，是我們共同的願望，正在一步步實現。 #卅年投一次輪替 #台南值得更好,,1.0,,,,2
謝龍介,2022-08-25 00:00:00,https://www.facebook.com/100044147934163/posts/643279240487001,台南市第4屆市長、市議員暨里長選舉 11 月 26 日投票，今（25）日開放領表，謝龍介團隊由執行長周紘騰代表，並率安南區市議員參選人童小芸競選團隊成員，上午前往市選委會完成領表程序。 改變台南的未來不能等，謝龍介義無反顧投入市長選戰，並在開放領表第一天，即指示團隊盡早完成相關程序，後續將根據規定，備齊所有證件、刊載選舉公報所需資訊、填報財產申報表等，完成登記，正式成為台南市長候選人。 謝龍介預定 9 月 1 日上午 10 時，親自前往市選委會登記參選，並在完成登記後，以車隊遊行方式，向市民報告自己已正式成為市長候選人，同時提出改變與建設台南政見，爭取市民認同，終結民進黨在台南執政長達 30 年，卻沒捷運、老人健保沒補助、生育津貼不如人、小朋友沒樂園的現況。,,1.0,,,1.0,"2, 5"
