Candidate,time,URL,Message,社會住宅,幼托政策,長照政策,運輸,經濟發展,other,manual_label
蔣萬安,2022-07-23 14:00:01 CST,https://www.facebook.com/100044398990795/posts/598488831641078,年輕，就要勇敢地嘗試！ 青壯年人口流失，「脫北潮」已經是現在進行式！昨天我在中廣論壇「Team Taipei 聽台北」訪問台北市議會雙帥，台北市議員 李柏毅和李明賢 -阿賢之聲議員，針對年輕朋友遭遇的住房、就業跟交通問題，有很多討論。 明賢議員提到，台北市除了總人口減少，出生跟結婚的比率也再下滑，未來我們應該針對單身青年、新婚育兒等不同族群，提出更多元的租屋補貼方案，更要加快社會住宅的建設和都更的審議速度，讓年輕朋友能在台北落地生根。 另外我自己感受很深刻的是，過去在國外唸書的時候，他們相當重視實習制度，同學們在進入職場之前，就可以累積實務上的經驗，為就業做好準備。柏毅的建議很好，未來市府可以帶頭做起，與業者合作，提供更多實習機會，讓同學們畢業後不再徬徨。 另外蠻多年輕朋友和我反應，台北市缺乏即時、共享的休閒空間。我認為未來可以參考民間經驗，將青少年活動空間去中心化，加速盤點各區閒置的公有空間，打造城市創意學習空間平台，未來大家只要點開台北通App，就可以查詢自己周圍有哪些活動空間可以使用。 一個城市要進步，必須能夠留住人才，讓青年發揮所長。我希望未來的台北，是一座有活力、有創造力的城市，青年+台北就是希望無限♾️ #市政台北隊 #你加台北就是無限 #TeamTaipei #蔣萬安,1,1.0,,1.0,1.0,1.0,"1, 2, 4, 5, 6"
蔣萬安,2022-07-22 19:30:03 CST,https://www.facebook.com/100044398990795/posts/597954531694508,時間過得好快！明天就是得宇一歲生日了🎂 今天特別帶著他一起來逛 #台北國際婦幼用品展，跟哥哥姊姊們打招呼還順便挑了禮物！這次展期從今天開始到25號一共四天，有興趣的朋友們可以到世貿一館走走看看喔！ 針對嚴峻的少子女化問題，我在立法院就曾多次推動育兒政策相關的修法，包含《就業保險法》修正、《性別工作平等法》提高產假產檢假的天數，以及增加親職照顧假等法案，去年我也首先提出質詢，促成行政院擴大對不孕症婦女的人工生殖補助。 尤其台北市正面臨著人口銳減的「#脫北潮」，該怎麼讓更多年輕朋友能無後顧之憂，想生、敢生、有能力養，正是必須即刻面對的重要課題。除了持續發放育兒補助金以外，未來的市府更應該從爸爸媽媽的需求出發，擴大育兒友善空間，健全育兒環境，打造真正的 #親子宜居城市。 在未來的台北，事業或家庭，絕不再是選擇題！ #萬安日誌 #你加台北就是無限 #TeamTaipei #蔣萬安,,1.0,,,,,2
蔣萬安,2022-06-25 13:00:04 CST,https://www.facebook.com/100044398990795/posts/579560543533907,【#萬安日誌｜說愛永遠不嫌遲💕 做女性朋友最有力的靠山】 今年的母親節碰上疫情高峰，許多鄰里的慶祝活動都延期甚至取消。好在現在疫情稍微趨緩，我們「尚介認真」的徐信洲里長，也趕快把握時間，在今天補辦活動，向最可愛的姊姊妹妹們表達祝福和感謝！ 擔任立委六年多來，我一直在衛環委員會積極為婦女朋友爭取權益。無論是在職場的平等上，或是育嬰育兒各項措施、守護婦女人身安全，像是《跟騷法》的制定，都一一具體實現，要做大家最有力的靠山💪 祝福全天下的姊姊妹妹永遠青春美麗，在各自的領域實現自我、發光發熱，用女力撐起整片天！ #打造台北隊 #TeamTaipei #蔣萬安,,1.0,,,,1.0,"2, 6"
蔣萬安,2022-06-14 18:50:01 CST,https://www.facebook.com/100044398990795/posts/572384717584823,【#萬安談政事｜疫後台北下一步，別看表象我有實力找出解方】 昨天柯市長在市議會備詢的時候，選擇我和他一起困在無人島，但「我不是柯市長的 Wilson，他也不是我的湯姆漢克斯。」相信市民朋友對我的支持，並不是因為「就長得帥帥的而已」，看得是我一直以來的執行力，我也準備好和大家一起打造更好的台北、更好的未來。 這段時間我一直在思考，後疫情時代的台北該怎麼走下去。我持續請益商圈領袖、學者專家，借鏡國外經驗，一些想法逐步成形。各國入境標準開始鬆綁，下半年台灣也有可能開放國門，台北作為觀光大城、台灣旅遊第一站，疫情雖然造成衝擊，但沒有打散民間能量，台北絕對有飽滿活力可以整隊再出發！ 💡 TAIPEI REOPEN 經濟復甦計劃 我提出「TAIPEI REOPEN 經濟復甦計劃」，以 #刺激國內消費、#吸引國際觀光客、#擴大便民補助，三管齊下。除了觀光產業，「會展產業」更是重中之重，我們應該將「疫情低迷期」，轉化為「經濟復甦準備期」，把握時間更新展館設備、加強人才培訓，思考虛擬展場、ＶＲ互動等創新模式，透過會展帶動台北疫情後的經濟復甦，讓台北重新站上國際舞台。 除了發展，還要紓困，台北市未來無論是紓困、振興，都要做到「快速、直接、好申請」三要件，政府行政流程要更簡化，才能讓產業有感。 💡 「青銀換居」讓長輩住得好、青年住得起！ 「台北居大不易」房價居高不下讓台北市留不住年輕人才；三十年老屋占比高達七成，「老宅困老人」行動不便的長輩很難出門，也難以安老。所以我提出「#青銀換居」的概念，在社會住宅中保留一定戶數給老人家，而釋出的空間，則交由政府出面整修維護，「包租代管」出租給年輕朋友，讓年輕朋友租得起、住得起，社會住宅的效益能夠極大化。 疫情讓台北顛簸，但城市飽滿的靈魂依舊存在、首都蓄積的能量亟待迸發。我對台北和所有台北市民有信心，我有能力帶領台北隊，從疫情的危機走向轉型的契機！ #打造台北隊 #TeamTaipei #蔣萬安,1,,1.0,,1.0,1.0,"1, 3, 5, 6"
蔣萬安,2022-05-30 17:30:00 CST,https://www.facebook.com/100044398990795/posts/562667065223255,【萬安日誌｜請益郝市長！爭取國際級賽事讓台北站上世界舞台】 「台北一定要跟世界先進城市比，將台北的名字放上世界地圖！」 郝龍斌市長任內，不只完善許多台北的基礎建設，更成功辦理花卉博覽會、聽障奧運，建構台北市有能力舉辦大型國際賽事的基礎；而當時聽障奧運的場館維修、整建，更奠定了後續舉辦世大運的根基，讓台北能夠一次又一次站上國際舞台！ 今天上午我特別拜會郝市長，他提到，台北身為首都，一定要跟世界先進城市比，更需要一位有國際觀的首長，「辦大型活動不只是為了辦，更重要的是將台北的名字放上世界地圖！」接下來應該持續規劃、爭取國際賽事及展覽，一棒接一棒；我也強調，未來我一定和所有台北市民攜手共組「台北隊」，讓台北站上世界頂尖都會的行列。 事實上，郝市長任內還推動了非常多政策，到現在市民朋友仍很有感。像是「祝你好孕」政策中的育兒津貼，以及一區一個親子館、一區一個托嬰中心，逐步為台北市建立友善生育環境，也給予全職育兒家庭支持協助。 此外，「市民當家熱線1999」也是郝市長時期設立，讓台北市政府從「管理型」轉變為「服務型」，成為全國地方政府仿效的對象，更時時刻刻考驗著市府團隊為民眾解決問題的執行力！郝市長也勉勵我，接下來應該重整現在的1999熱線，讓民眾的需求能夠真正與市府施政對接，更可以避免市府的「末梢神經麻痹」。 這不是我近期唯一一次拜訪郝市長，每次都能在市政上獲得很多提點、獲益良多；適逢端午前夕，今天更收到郝市長的「包中」祝福。未來我請益的腳步不會停歇，絕對要讓台北不只是六都之一，更是帶領台灣衝向國際的領頭羊。 #TeamTaipei #打造台北隊 #蔣萬安,,1.0,,,,1.0,"2, 6"
黃珊珊,2022-09-17 21:48:48 CST,https://www.facebook.com/100044528885416/posts/626234938870797,大家還好嗎？ 稍早台東發生芮氏規模6.4地震，請大家遠離容易傾倒的傢俱。北市府會隨時追蹤災害情形，請大家安心。,,,,,,1.0,6
蔣萬安,2022-07-03 11:51:00 CST,https://www.facebook.com/100044398990795/posts/585037942986167,【#講講蔣萬安｜#EP4直播精華｜燃燒吧脂肪！重訓離你其實沒有那麼遠】 「講講蔣萬安」EP4 請來一位小鮮肉，和大家聊聊你不知道的健身教練日常。我們的來賓 Ace 不只是專業教練，還成功奪下今年 WNBF 國際自然健美賽事的量級冠軍喔🏆 健身的風氣越來越盛行，到底重訓的好處是什麼？怎麼練才能安全到位不受傷？「深蹲」可以用到全身肌肉，是CP值很高的訓練動作，也很適合長輩鍛鍊肌力，預防老化，就讓Ace帶著畹鎣示範一下標準的深蹲，教大家怎麼蹲好又蹲對！ 受疫情影響，健身房生意雪崩式下跌，政府可以怎麼協助產業復甦，讓大家一起愛上運動，活得更健康？所有精彩內容就在這集「講講蔣萬安」！ ✅這集談什麼？ 🗨️這位巨巨你好，健身教練的日常。 🗨️只有肌肉不會背叛你，大家都要做重訓？ 🗨️在家做運動，疫情下的健身產業衝擊？ 🗨️疫情後的健身產業與全民運動政策。 #只有肌肉不會背叛你 #講講蔣萬安 #畹鎣來代班 #蔣萬安,,,,,1.0,1.0,"5, 6"
陳時中,2022-11-26 09:37:51 CST,https://www.facebook.com/100720289384352/posts/150958064360574,早安，今天是投票日，我投好票了，你呢？ ​ 在下午四點結束投票前，邀請大家趕快出門投票，用行動決定台北與台灣的未來，做一位勇敢自信的台北人！ ​ #記得攜帶投票三寶,,,,,,1.0,6
侯友宜,2022-11-02 17:30:48 CST,https://www.facebook.com/100044642490075/posts/683001896531221,以運動和世界交朋友，#2025世界壯年運動會 在雙北！ 今天我代表四百萬的新北市民和 柯文哲 市長一起從國際壯年運動總會(IMGA)執行長Jens V. Holm手中接下世界壯年運動會會旗，內心雀躍又感動！這不只雙北重要的里程碑，更是肩負重責大任的起始點，繼2016國際少年運動會、2017世界大學運動會後，新北市和台北市將再度藉由舉辦大型國際運動賽事讓台灣感到驕傲！ 這不只是一場運動會，一場友誼賽，更是一次讓來自世界各地的朋友好好認識台灣的機會。就像我的名字侯友宜的諧音「厚友誼」，要展現台灣人民的熱情，張開雙手擁抱這些好朋友，讓他們認識、了解我們的在地文化和城市風貌，繼而愛上台灣這塊土地。 運動無界、人生無限，讓世界看見台灣，2025世界壯年運動會，我們準備好了，用我們的熱情和活力，讓台灣成為在國際舞台上閃爍的光芒！ #厚友誼,,,,,,1.0,6
林佳龍,2022-09-27 00:41:25 CST,https://www.facebook.com/100044464388138/posts/641492134009594,我家老爺子真的是「好廖耶」，一生為善，令人敬愛！ 相信將化作千風，與我長相左右，並在天上守護大家！ 分享婉如對廖董的介紹與光合之行：,,,,,,1.0,6
黃珊珊,2022-11-23 09:00:44 CST,https://www.facebook.com/100044528885416/posts/676278127199811,【黃媽成長篇】我們家小孩都工作狂，沒工作就難過，有工作才快樂！｜TaipeiK33PGoing ​ 15歲時，我自己北上念書，接著考上律師，並參選市議員。沒有背景、沒有家世，這一路上，我靠自己的努力搏鬥至今，指引我前進的，就是熱情。 ​ 我媽總說我們幾個小孩都是工作狂，確實，只有為了理想燃燒，我才能感受到活著，但最得感謝的，還是家人默默溫暖的支持。 ​ 作為一個工作狂，我希望能早點回去上班，繼續為了熱情而燃燒！ ​ #黃珊珊 #八號黃珊珊 #偉大市民齊步共贏 #TaipeiK33PGoing,,,,,,1.0,6
陳時中,2022-08-24 15:09:20 CST,https://www.facebook.com/100720289384352/posts/122396643883383,捐血一袋，救人一命！今天與台北市副市長黃珊珊一同參與 #內科千人捐血活動，相當感謝 #內湖科技園區發展協會 ，以及所有響應的企業朋友們。內科熱情辦理七屆捐血活動，不僅是經濟發展與科技創新的先鋒，更是投入社會公益的典範。​ ​ 因為疫情，民眾捐血意願受到影響，但靠著大家的熱情，今天將熱血匯集起來，這就是台灣社會的正向力。事實上，無論是推動政策或參與選舉，雖然每個人立場不同，但我想大家總會藉著公共參與來表達自己對社會的關心；以自己所處、所在的位置，盡最大的努力幫助他人。​ ​ 以政府來說，必須顧及國家利益與遵守國際慣例上取得疫苗；而藥廠方面，則是在嚴峻疫情與各國搶購疫苗的時刻，盡可能提供台灣疫苗，簽訂保密協議，大家都各司其職。同理，一位立法委員也應當明白：​ ​ 📌疫苗採購從未列入「絕對機密」，「保存」不是保密，「保存」更不是封存，「保存」也能調閱。​ ​ 擔任疫苗採購調閱小組召集人，更該瞭解小組的運作要點、調閱範圍跟條件，均為朝野共識的決議。與事實站在一起，而非到了選舉時才刻意置換概念，平添社會大眾的誤解與混淆。​ ​ 我沒有任何公職，也不是現任立委。但還是想為台灣民眾的權益，誠心誠意地發聲──後續次世代疫苗採購，攸關國家利益及民眾健康。有責任感的政治人物與政黨，不該因一己之私，用去脈絡化的資訊詆毀全體防疫團隊的無私付出。面對後疫情時代，我們需要更多的同理心，把事做好，一起向前走。​ ​ #把事做好​ #台北更好​ #台灣共好,,,,,1.0,1.0,"5, 6"
蔣萬安,2022-07-11 18:07:51 CST,https://www.facebook.com/100044398990795/posts/590515479105080,城市進步的另一面，是許多被遺忘的角落 這座位在內湖新明路的老公寓，30年前原本要做為果菜市場使用，後來因故將地下室改建成一間一間的出租雅房，猶如電影《寄生上流》中的「地下穴居」。 這裡的居住環境十分惡劣，不通風的地下室，汙水很難排除，容易引來蚊蟲孳生；電線老舊、外露，狹小的走道上堆滿了廚具、瓦斯桶、洗衣機和生活雜物，都形成公安上的隱憂。 熱心的麗玲里長一直把住民當作自己的家人在照顧，她告訴我，現在居住在這裡的多是經濟弱勢和獨居長輩。其中一位住民宋大哥，他是環保局的聘雇人員，收入微薄，加上行動不方便，讓他在尋找住處時相對比較困難。住不起、租不到，是這裡住民普遍的遭遇。 礙於現行的消防和建管法規，穴居的使用成了三不管地帶。我認為在消防安全的保障上，不能有絲毫的妥協，也不能因為法規沒有限制，就兩手一攤。 未來除了從法規面下手，更要結合各界資源，公私協力幫助弱勢長輩擺脫生活困境。租屋問題不是青年專屬議題，弱勢長輩的租屋同樣需要我們關注。 謝謝在地的議員和里長，一直以來給這裡的長輩很多關心。我也承諾會從社福、公安等層面，通盤檢討弱勢長輩的居住問題，協助他們找到更安全、合宜的住所，有一個遮風避雨的家。 ♾和台北隊一起全力守護市民：李彥秀、李明賢 -阿賢之聲、游淑慧 台北市議員、丘麗玲 週美里大小事 #萬安日誌 #你加台北就是無限 #TeamTaipei #蔣萬安,1,,1.0,,,1.0,"1, 3, 6"
林佳龍,2022-11-19 22:01:32 CST,https://www.facebook.com/100044464388138/posts/682459166579557,鶯歌龍來運轉！新北桃園大雙贏！ ​ 感謝我一路的好戰友 蘇巧慧 委員用心安排與邀請，今天讓佳龍有機會與 蘇貞昌 院長、 鄭文燦 市長，以及首都圈戰友 鄭運鵬 Cheng Yun-Peng ，在選戰倒數 7 天，一起在鶯歌合體，展現力拚新北、桃園雙贏的決心！鶯歌，有我們蘇院長讓新北人引以為榮的政績，不管是鶯歌老街還是陶瓷博物館，都是新北重要的文化資產，也有世界級的潛力。 ​ 鶯歌與八德是好厝邊，大鳳鳴地區更有共同生活圈，市民要有更好的建設與福利，一定要如蘇院長所說的，要有能拋開本位主義、進行跨域治理的首長，聯手帶領北桃前進！ ​ 「跨域合作」不是現在喊出的未來式，而是我在交通部長任內就積極推動的目標，當時因為有鄭文燦市長溝通協調，以及蘇巧慧、鄭運鵬在立法院努力爭取，才催生了桃園鐵路地下化將鳳鳴站納入、鳳鳴臨時車站等建設與軌道規劃。 ​ 尤其我們的老縣長、蘇院長在中央更是大力爭取資源支持新北，但侯市長的建設效率不僅差、更不願意與桃園合作交通月票，既然侯市長看不見市民的需求，那就交棒換我來做！ ​ 未來在新北、桃園的合作上，我會從交通建設、水域治理、產業發展和觀光旅遊四大領域著手，包括現在已宣佈的「首都圈 1200 元月票」政見，彼此串連、聯合行銷，造福市民的同時，也加快城市發展速度。 ​ 選戰進入倒數七天，感謝蘇院長再次來到新北站台，能與老朋友文燦、戰友巧慧及運鵬共同奮鬥到此刻，也讓我更加有信心贏得勝選，新北、桃園一定能雙贏！讓我們一起贏！,,,,1.0,1.0,1.0,"4, 5, 6"
黃珊珊,2022-09-20 09:00:26 CST,https://www.facebook.com/100044528885416/posts/627839358710355,如果震度6級的地震發生在台北市，將會發生什麼事？ ​ 我的競選政策總顧問，前內政部長李鴻源表示，如果震度6級的地震發生在台北市，後果不堪設想。全台北屋齡30年以上的老屋高達64萬戶，都市更新刻不容緩！ ​ 我想做的 #防災型都更，是當災難發生時，我們可以安然渡過！ ​ ● 以ROD的方式增加獎勵容積，加速都更：淡水河沿岸的士林、北投、萬華、中山、大同一帶，正好是土壤液化相較嚴重的地區，ROD的推動不僅僅是美化河岸景觀，更主要是解決安全問題。 ​ ● #台北未來宅：許多老社區住著年紀大的長輩，在外租房並不容易，透過EOD閒置校舍整併改建做為 #中繼住宅 的土地來源，讓住戶可以安心等待舊房子更新完成後，再搬回來。 ​ ● 都更紅利全民共享：市府依據各區域條件需求程度訂定相應的容積額度，公私合作，開放「以租代購」、「以租轉售」、「以房養老」三種模式，活化台北未來宅(中繼住宅)輪轉過程，增加房屋使用效率，不僅青年族群能以較輕的房價負擔安居，也讓市府擴充財源，挹注在更多社會福利，全民都享受得到。 ​ ● 危險區域普查：分級分類，高度危險之虞的優先都更，找周邊的公有地媒合，公私協力共同改善城市風貌。 ​ 未來我會在李鴻源部長的監督下，用心推動防災型都更，也歡迎所有市議員候選人，和我們一起，為了市民的生命財產安全盡一份心力，讓接下來的都更像花朵一樣綻放！ ​ #TaipeiK33PGoing #偉大市民齊步共贏 #黃珊珊,1,,1.0,,,1.0,"1, 3, 6"
林佳龍,2022-10-22 17:35:01 CST,https://www.facebook.com/100044464388138/posts/661630661995741,新北大翻新，全國旅新北同鄉之夜！ ​ 新北市有許多旅北鄉親，雖然來自不同縣市、但都在此共同打拚，凝聚出「新故鄉的」情感，相信各位出外囡仔，都期待能和新北一起翻新又翻身！ ​ 明天晚上，佳龍將舉辦「全國旅新北同鄉之夜」，邀請到 賴清德 副總統為 #新北1定贏 的氣勢助陣，同時嘉義縣長 翁章梁 Weng Chang-Liang 、彰化縣長候選人 黃秀芳 、雲林縣長候選人 劉建國 ，以及 蘇巧慧 委員、 余天 Yu Tian 委員、 阮昭雄 議員，也將集結到場相挺！ ​ 邀請各位朋友，明晚一起到三重三和國中操場，展現旅北鄉親的團結力量、欣賞熱鬧翻騰的歌手表演，在最後階段衝高士氣，共同推動新北大翻新！ ​ 📍 新北大翻新‧全國旅新北同鄉之夜 時間：10 月 23 日（日）下午 17：00報到 地點：三和國中操場（三重區三和路四段216號）,,,,,,1.0,6
陳時中,2022-11-10 08:13:28 CST,https://www.facebook.com/100720289384352/posts/145587521564295,萬人上凱道 #悉中ㄟ 朋友 👊讚出來👊 逐家好，我是阿中，首都之戰進入最後衝線坎站，距離投票日愈來愈近，我知影你比我較緊張，但是逐家毋免驚，心頭抓予定，勇敢綴我行！ 過去這段日子，我全力以赴，跑遍台北12個行政區，聆聽百工百業與所有市民的心聲；我有自信，我是唯一提出最完整市政政策的候選人。我堅持把事做好，讓台北更好。我一個人的力量不大，但逐家共一心，烏塗嘛會變成金，雖然我的官方LINE報名已額滿，但我仍需要大家站出來，以實際行動力挺我。 11月12號，這個禮拜六，在凱達格蘭大道，蔡英文 Tsai Ing-wen 總統相招辣台派進行雙北大造勢，悉中ㄟ好朋友一起來！,,,,,,1.0,6
林佳龍,2022-10-08 21:15:01 CST,https://www.facebook.com/100044464388138/posts/650746623084145,票投林佳龍，為新北市民做事！ ​ 上個週末，佳龍與 蘇貞昌 院長及團隊夥伴，一起參加 吳秉叡 委員舉辦的秉友會萬人登山健行，集結翻轉新北的意志，展現高昂的團隊士氣！ ​ 投入選舉後我四處參訪，鄉親常與我稱讚「老縣長」的政績，也感嘆現在城市升格、生活卻沒升級，對新北有深厚情感、深知鄉親期待的蘇院長，當天特別懇託大家：「支持新北大翻新，讓林佳龍帶來改變！」 ​ 選戰下半場已經開始，我會努力打拚，爭取延續民進黨在新北建設的基礎，「蘇貞昌的政見、林佳龍來實現」，年底一定要市長、議員全壘打，讓新北真正脫胎換骨，帶動首都圈發展新格局！,,,,,1.0,1.0,"5, 6"
黃珊珊,2022-10-26 09:03:44 CST,https://www.facebook.com/100044528885416/posts/655920692568888,我説話、我做事、我做任何決定，我全都負責，不會把資料封存30年。 ​ 城博會的起因很簡單，去年9月8號，我與市長、美學辦公室執行長李得全秘書長到松菸參觀展覽，10月3日台灣設計研究院到市府向市長簡報，市長裁示配合台灣燈會，前置展以城市博覽會方式辦理。 ​ 經討論後，市長裁示由研考會主政，動用第二預備金進行先期規劃，所以10月4日時，我先以紙本文字交辦研考會，以利進行後續流程，這張紙本就成為 #公文內簽的附件 ，所有公文都一清二楚，議員不公布全部公文，就是斷章取義、扭曲事實。 ​ 我做事坦坦蕩蕩，所以具名書面交辦，我寫的，我負責。 ​ 我不會將「我負責」掛在嘴上，結果連會議紀錄都沒有，責任來馬上跑。 ​ 上次這位議員也質詢我在副市長任內去『市場視察87次』，反而證明我是一個認真、負責、勤政的副市長，這次，更可證明我們可經檢驗，我也勇於任事與承擔。 ​ 我要強調，台北市早已經是一個法治城市，公務人員也絕不會違反程序與法令，為了選舉，這些魚目混珠的選舉奧步，真的大可不必。 ​ #黃珊珊 #八號黃珊珊 #TaipeiK33PGoing #偉大市民齊步共贏,,,,,,1.0,6
林佳龍,2022-09-14 17:32:46 CST,https://www.facebook.com/100044464388138/posts/632519531573521,侯市長，面對過去，才會有真正的勇氣。 ​ 這幾天，鄭南榕 Nylon 的名字再度被社會關注，上了 google 的熱門關鍵字，我很高興 Nylon 沒有被世人遺忘。 ​ 前天是鄭南榕 75 歲冥誕，佳龍受邀前往基金會紀念他，在 33 年前受 200 多位警方包圍的雜誌社原址，看著時間彷彿停止流動、仍然保持當年烈焰焚燒後焦黑原況的總編輯室，身邊站著菊蘭姊和竹梅，我向 Nylon 獻花致意、說幾句話時，心中只有深深的不捨。 ​ 同樣讓人不捨的，是昨天看到竹梅在 蘇巧慧 委員、 李晏榕 Yen-jong Lee 發言人陪同下在立院召開記者會，竹梅提到他 2018、2019 年看過政治監控檔案後發現，當年拘提鄭南榕時警政署其實研擬了三個方案，包括「和平等待人出來」，然而，當年負責執行拘提任務的侯警官，卻選擇了最激烈的方式，導致 Nylon 自焚的遺憾結果。因此，竹梅向侯市長提問「為何採取最激烈的方案？」，任何有血有淚之人，都感到不忍。 ​ 侯市長，這個問題其實放在竹梅心裡幾年了，她不曾問過你，之所以現在向你提問，是因為你的團隊重話批評，紀念鄭南榕是政治操作，激起了家人還有社會深層的創痛。 ​ 我認為侯市長有責任回答竹梅的提問，我也想提醒侯市長，向你提出問題的竹梅，在 9 歲那年警方的拘提行動中，永遠失去了她口中像太陽一樣的父親，但原來當年我們可以不必失去鄭南榕。 ​ 無論是 2018 年、還是在 2022 年竹梅已經看過政治檔案的現在，侯友宜面對鄭南榕議題的回應都是「依法執行、奉命行事、問心無愧」、「如果再來一次還是一樣決定」。 ​ 1989 年尚在解嚴初期，33 年過去，台灣也走了一大段民主化的路途，侯市長作為當年拘提行動的指揮者、執行者，到民主時代當選直轄市長、現在對外表態勇於承擔 2024 年總統責任、有志問鼎大位的政治人物，是否一樣「問心無愧」、「再一次也會抓人」？這是侯市長無從迴避的問題，你應誠實面對自己做過的事，拿出面對過去的勇氣，說明 33 年前 4 月 7 號那天，你的決定。 ​ 鄭南榕之死，重如泰山，33 年來我們一次次緬懷他捍衛言論自由的壯志，但是隨著檔案的揭露，他的故事還沒結束，他的孩子還在等你的答案。 ​ 我想告訴侯市長，「奉命行事、依法行政」不足以面對歷史的鏡子。當年你「依惡法行政」，固然有你口中的時空背景，但除了不曾對台灣民主作出貢獻，你尚無情抓過許多民主鬥士。 ​ 今天你高舉尊重言論自由的旗幟，享受民主的果實的同時，你有義務向社會大眾解密，也向家屬道歉。,,,,,,1.0,6
林佳龍,2022-08-14 19:03:54 CST,https://www.facebook.com/100044464388138/posts/611779763647498,支持體育，推動新北「運動局」！ 今天上午，超級盃全國慢速壘球錦標賽在樹林舉行，佳龍很榮幸能擔任開球打擊嘉賓，許久沒有揮棒了，很開心能為錦標賽擊出好球！ 我自己很喜歡壘球運動，過去也與台中義警消、喜愛慢壘的朋友，共同成立「台中龍隊」，至今已經十多年，還得過總統盃冠軍。我們台中市長任內也設立「運動局」，蓋運動中心，全面推動體育、支持運動產業發展。 新北市是全台最大直轄市，也有很多愛好棒壘運動的朋友，每到假日各河灘地的球場都看的到大大小小的比賽。未來佳龍若擔任市長，將會推動成立「運動局」，透過球場周邊的軟硬體設施、進出交通環境等建設，讓市民能享受完善、舒適的運動環境。 我也認為，新北市應該在體育人才、場館、預算上持續增加，包括增設國民運動中心、舉辦大型國際運動賽事，透過專責運動機構，搭配運動產業發展條例，整合各項資源、全面推動體育。 佳龍若擔任市長，對於運動的支持，只會增加，不會減少！希望能讓大家享受運動、關注運動、支持運動，打造新北市成為健康之都！ 今天非常感謝 何博文 Ho Po-wen 議員的邀請，讓我跟好朋友一起在週六早上曬曬太陽，活動筋骨。 你今天運動了嗎？記得動一動喔！ 蘇巧慧 吳琪銘 卓冠廷 高乃芸 黃淑君 板橋 為你衝第一．彭一書,,,,,,1.0,6
陳時中,2022-10-10 11:56:02 CST,https://www.facebook.com/100720289384352/posts/136122039177510,台灣的台北，世界的台北，我當市長，把世界帶進台北！👉 https://youtu.be/rEwvvXrTJmk:=:https://www.youtube.com/watch?v=rEwvvXrTJmk ​ 台北是台灣的首都，若要與國際一流城市並駕齊驅，市府本身的國際事務組織，其架構應更加制度化。因此，設置專責單位，將城市外交、會展經濟、全球招商、國際交流，有效率地策劃執行。 ​ 我當市長，將盤整資源，深化台北與國際間的交流，向全世界傳達台灣文化之美。在既有基礎上增添軟實力，說好台北的故事，增加市民的認同與光榮感。 ​ 今天這支影片，彙整我與國際友人社群交流時，他們提及在台北工作與生活中面對的各項困難與議題。這些外國友人即便來自不同的國家，都把這裡當成自己第二個家，我想為他們做得更多，使台北成為一座友善的國際都市。,,,,,1.0,1.0,"5, 6"
黃珊珊,2022-09-18 12:15:17 CST,https://www.facebook.com/100044528885416/posts/626682745492683,跑完5km後居然接 #國際牛肉麵大賞 ，這行程真的太無情了。 ​ 我上台鳴笛開賽時，後面已經開始在備料，陣陣香氣一直飄過來，我聞起來是覺得每間都是冠軍，等等大家路過花博，想必都會跟我一樣口水直流。 ​ 這兩年來，遇到牛肉麵交流發展協會理事長洪師父時，他總跟我說，牛肉麵節一定要擴大舉辦。走過疫情後，現在我們夢想成真，終於回到花博公園，希望下次會是在爭艷館舉辦！ ​ 台灣的牛肉麵享譽世界，除了本土選手外，今年也多了國際選手參加，希望這個賽事，未來能在世界舞台上更加知名。我也聽說拿過冠軍的店家，店內都是高朋滿座，祝各位手藝精湛的師父們，未來生意都強強滾！ ​ #TaipeiK33PGoing #偉大市民齊步共贏 #黃珊珊,,,,,1.0,1.0,"5, 6"
黃珊珊,2022-10-12 15:02:33 CST,https://www.facebook.com/100044528885416/posts/645488270278797,創新，讓台北繼續引領台灣的未來！ ​ 今天很榮幸與我的策略長翟本喬，以及ChargeSPOT共享數位服務公司執行長衛樹德，一同揭露我的新創政策。打造一個不怕失敗的環境，讓新創團隊專心向前衝刺，就是我們最重要的目標。 ​ 創業維艱，得煩惱資金來源，還有稅務、法務、辦公室租借、獎補助申請...，為了替大家解決接踵而來的難題，我們設立了「StartUP@Taipei」辦公室，提供一站式的創業、法律、稅務諮詢，更可受理申請獎補助。 ​ 此外，截至今年6月，我們已經提供了20.7億元的獎勵補助、26.3億元的融資貸款，更規劃了23個新創基地，目前已經有15個正式營運。八年來，我們為企業披荊斬棘，打造了培植新創團隊的良好育成環境。 ​ 下一步，我們會以此為基礎，展開新階段的三大主軸： ​ 第一，我們會 #提高新創資金規模，把餅做大。根據國稅局與勞保局的資料，我們發現20億的補助，可以協助企業創造高達2169.98億的營收，更帶來將近2.2萬個工作機會。 ​ 所以接下來，台北市要成立自己的 #天使基金，透過「臺北市投資新創事業推動計畫」，將市府產業發展基金結合民間資金，合作設立創業投資事業，提供新創事業多元資金管道。 ​ 第二，我們要 #擴大適用項目，讓藝文與文化產業，也可以用「科技應用」創新，符合資格提出申請適用。並將創新創意的成功模式，再推廣複製到文化產業（文化局業管），建立第二軌產業扶植政策。 ​ 最後，我們要 #強化國際鏈結，除了補助參加國際商展，進駐國外育成加速器，同時我們也會媒合國際採購商機，透過TIS媒合機制平台，對接引導海外投資人、企業買主與新創事業媒合。而最重要的，還是要促進業界交流，透過新創沙龍，串連全球的新創基地，讓台灣的專業團隊，能夠成功走向世界！ ​ #TaipeiK33PGoing #偉大市民齊步共贏 #黃珊珊 #經濟振興 #創新創業,,,,,1.0,,5
蔣萬安,2022-10-03 13:46:51 CST,https://www.facebook.com/100044398990795/posts/647585910064703,萬安的競選官網、募款小物上線了！ 這個官網是我從政歷程的縮影，記錄了最完整的蔣萬安 官網🌐 https://tpewanan.com/:=:https://www.tpewanan.com/ 裡面有我「#過去的故事」，包括參政理念、12行政區行腳軌跡、立委問政回顧。 也有我跟市民們「#共同的未來」，包括競選市長的初衷、政見、影音跟倡議。 最特別的是「萬安+足跡」 裡面有我的「#行程預告」，也透過「#用照片寫日記」的方式，紀錄我到訪的大街小巷、與市民朋友互動的過程及動人的瞬間，每張照片都乘載著滿滿的回憶。 如果您想要幫助蔣萬安，可以透過官網加入台北隊志工，以及購買募款小物。 募款小物👉 https://tpewanan.com/support 請支持台北隊，讓我們一起找回首都的光榮與朝氣 讓台北再次動起來！ __________________ 【#募款小物介紹】 這次的募款小物包含四種套餐組合、共七件不同的小物（請見圖示） 1.台北隊口罩：主視覺口罩 2.口罩香氛扣 3.「台北萬安」祈福御守 4.台北隊造型T-Shirt 5.抱枕：靈感來自陳玉珍委員「萬安緊抱」，抱枕選用「保特紗」，把生活喝過的PET寶特瓶回收，舒服又兼具環保，不論是當午睡枕或靠枕都很實用。 6.「#我們的毛小孩」桌遊：結合動保首都理念，桌遊推手是 #張倚奇，她曾獲選富比世30歲以下傑出青年，是2020年成為台灣唯一入選藝術領域的獲獎者。 7.是REBIRTH 回收帆布再造托特包：配合永續台北的概念，將選後本該丟棄的競選看板製作成托特包，大家可能會收到無限logo或我的名字，每款都是獨一無二的。 ＃你加台北就是無限,,,,,,1.0,6
林佳龍,2022-07-31 15:54:49 CST,https://www.facebook.com/100044464388138/posts/602899671202174,新北大翻新，議員逗陣拚！首場願景座談會啟動！ ⠀⠀⠀ 新北大翻新的勝選密碼，就是「1+37」，這場關鍵戰役，佳龍將與新北議員逗陣拚，團結贏得勝利！ 首場座談會下週一開跑，我與 陳啟能 新北市議員，將在三重慈化市民活動中心，與各位市民朋友見面，分享新北大翻新的期待。 8 月 1 日晚上 6 點 30 分，邀請大家逗陣來三重，一起為新北戰隊集氣加油！ ⠀⠀⠀⠀ 📍三重慈化市民活動中心 時間：8 月 1 日（一）18 : 30 至 19 : 40 地址：新北市三重區溪尾街 327 號,,,,,,1.0,6
侯友宜,2022-11-15 21:04:20 CST,https://www.facebook.com/100044642490075/posts/692128512285226,#淡水 #八里 的「侯朋友」我來了！ 謝謝你們，又比✌🏻又喊YA✌🏻 這次我們「從媽媽之河」淡水河出發！ 沿路好多熱情的好朋友！感謝你們！ 淡水河，是新北母親之河 孕育著新北 就像媽媽養育小孩一樣 用心照顧 讓這塊土地，好，還要更好！ 「侯我」和新北往前衝！ 「為您」拚一個好日子！ #侯我為2 #侯侯做代誌 #侯朋友我來了,,,,,,1.0,6
黃珊珊,2022-09-25 15:16:08 CST,https://www.facebook.com/100044528885416/posts/631928581634766,每一位偉大市民，都是改變政治文化的強大力量。 ​ 距離選舉只剩兩個月，但全台灣的政治風氣，卻演變為徹底的烏賊戰，但大家想要的是希望，而不是看著候選人互抹泥巴，拖著城市一起向下沈淪。所以，我有些心裡話想對大家說。 ​ 作為一樣北漂、落地生根的市民，我想問大家一個問題：過去台灣錢淹腳目，曾經創造經濟奇蹟，但為什麼現在的年輕人們，不僅買不起房，甚至連結婚生子都不敢奢望？ ​ 這次選舉，沒有民生議題、沒有市政辯論，藍綠關心的只有私益與政黨利益。在贏者全拿的零和遊戲中，任何一方取得政權後都不會認真治理。為了維持這個利益結構，他們喊出棄保，這不只是低估全台灣民眾的智慧，他們想斷絕的，是一切帶來改變的可能。 ​ 棄保後，藍綠哥倆好分飽飽，老百姓卻氣飽飽，這就是藍綠烏賊戰的後果。 ​ 回想疫情發生時，作為指揮官的候選人，對台北市的疫情爆發無動於衷，直到參選才向萬華道歉；而另一位候選人，作為台北市的立委，職責本來是在立法院監督衛福部，卻也同樣不曾聲援台北市，也無力監督失職的中央指揮官。一位是權力的傲慢，另一位是權力的無能。 ​ 他們根本不了解台北市，口中能說出的，只有「好想當市長」。 ​ 藍綠不思城市治理，用意識形態綁架選民，而我參選台北市長的原因，就是終止這場鬧劇，因為下一代的價值觀，不能再被藍綠扭曲。所以，我要以市民主義為本，打造一個乾淨、透明、公平、正義的宜居永續城市，帶給市民幸福與驕傲，這才是一個首都市長該做的事。 ​ 今天，在我的成立大會上，聚集不分政黨、不同專業的各方賢達，我們要用專業形塑台北，心存善念，打造一個用人唯才的聯合政府。唯有推倒藍綠高牆，台北才能繼續前進。 ​ 而終結藍綠對立最好的方法，就是 #讓黃珊珊當選，#第一位首都女市長。 ​ 在座的各位、螢幕前閱讀這段文字的各位，你們每一個人，都手握改變政治文化的強大力量，每一個人都是我的「發動機」。請支持我的親愛的年輕朋友，告訴你們的爸媽、阿公阿嬤，為什麼你們支持黃珊珊，以及你們關注的議題是什麼，為什麼你們厭惡口水，為什麼需要一個關注民生的市長。 ​ 請每位朋友，不要忘記你的任務，從今天起，每一個人都是黃珊珊，11月26日，我們一起迎接勝利，謝謝大家！ ​ #TaipeiK33PGoing #偉大市民齊步共贏 #黃珊珊,1,1.0,,,1.0,1.0,"1, 2, 5, 6"
黃珊珊,2022-09-15 22:06:41 CST,https://www.facebook.com/100044528885416/posts/624875435673414,【珊珊去哪裡 ​ ​ 9/16（五）行程】 ​ 明天，我將參加中小企業ESG博覽會，與撐起台灣的中堅企業主們，一同探討台北永續發展的未來，以及分享我們智慧城市的願景。明天 柯文哲 市長也在，歡迎大家一起來共襄盛舉！ ​ - 主題：出席「2022中小企業 ESG博覽會」 時間：111.9.16(五) 上午09時10分-10時50分 地點：台大醫院國際會議中心201 室 地址：台北市中正區徐州路2號 - #TaipeiK33PGoing #偉大市民齊步共贏 #黃珊珊 #珊珊去哪裡,,,,,1.0,0.0,5
林佳龍,2022-09-17 20:09:49 CST,https://www.facebook.com/100044464388138/posts/634635801361894,今天下午的天氣實在很好，非常適合戶外活動！佳龍跟 曾進益、 何博文 Ho Po-wen ​ 一起來到樹林的 #景觀萬坪公園 野餐，感受太陽的溫暖跟最近難得的放鬆時刻！而我們市黨部在板橋主辦的「露天星空親子電影院」的播映活動也很好玩！ ​ 跟我一起到板橋體育場的，還有 羅致政 委員、黨部主委何博文、新北市議員 戴瑋姍、市議員候選人 石一佑 - 小佑子粉絲團、 黃淑君 板橋、 山田摩衣，大家邊逛邊跟小朋友合照，不知道大家覺得哪張照片最可愛？ ​ 今天趁著這個大好機會，我也跟現場許多的小朋友進行互動，更以「鄰家龍」的身份露了一手「泡泡首秀」！希望他們能感受到佳龍叔叔的魅力，說服他們的爸媽投我一票😂 ​ 看著這些孩子們，我也在思考市政有關的問題，新北市是六都裡，人均擁有圖書館最少、人均綠地也是最少的城市，我想一個重視下一代環境的市政府，不該總是自滿，而是要更加努力才行。 ​ 跟小朋友打招呼的時候，感受到純真的笑容跟笑聲，我想我也要打起精神繼續衝刺，才有機會來服務他們，讓他們的未來更有希望。,,,,,,1.0,6
陳時中,2022-07-26 19:30:07 CST,https://www.facebook.com/100720289384352/posts/112523681537346,兩年來，我看見台灣社會的所有人，在國家面臨挑戰時，展現出無比的勇氣跟韌性，彼此包容合作，挺過無數次的考驗。這樣的挑戰並不容易，但我有信心，國人也要有信心；我們同島一命，每個人都是不可或缺的一員。謝謝每一個勇敢團結的台灣人，謝謝每一個一起守護台灣的你。 #謝謝大家,,,,,,1.0,6
黃珊珊,2022-10-16 19:17:38 CST,https://www.facebook.com/100044528885416/posts/648742543286703,內湖康樂隧道口的土石滑落導致無法通行，目前山區的累積雨量也已達超大豪雨等級，請各位朋友出門一定要多加留意自身安全！,,,,,,1.0,6
陳時中,2022-11-23 21:01:02 CST,https://www.facebook.com/100720289384352/posts/150075794448801,大家晚安，我是阿中，投入選舉以來，我用溫暖化解對立，以理念爭取認同，直到最後一刻，我仍堅持用市政願景來說服選民。我深信只要大家同心齊力，團結催票、拉票、固票，並且實際去投票，我們就會贏，就能贏來勝利。 ​ 我需要大家的參與，陪我走過最後一哩路。 ​ 本週五的《選前之夜》，包括總統蔡英文 Tsai Ing-wen、行政院長蘇貞昌、前副總統陳建仁 Chen Chien-Jen將來到現場相挺；此次創作競選歌曲的優秀音樂人——陳明章音樂、董事長樂團、鋼琴詩人王俊傑 、以及作為表演團體的無雙樂團，也將帶來盈耳歌聲。投票前一日晚上六點開始入場，邀請大家帶著歡悅的心情，來到競選總部。我相信，11/26當天，我們必能滿懷熱情、堅定信心投下改變的一票，讓這座城市揮別停滯，讓台北更好。 ​ 這是24年來，最接近勝利的一次。用你手中的選票創造歷史，請支持台北市長候選人12號陳時中。,,,,,,1.0,6
侯友宜,2022-09-04 12:47:35 CST,https://www.facebook.com/100044642490075/posts/638487634315981,雖然氣象局在11:30解除新北市軒嵐諾颱風的陸上颱風警報，但是還是請市民朋友有必要外出時，要特別小心颱風帶來的後續雨勢影響。 今天一早除了再度到EOC掌握新北市各區受到颱風影響的情況，隨即也前往了三鶯大橋了解防汛整備情形。三鶯大橋現階段正在進行改建工程，在颱風後續的影響下，要持續監控水位，一定要保持在安全範圍裡面，把安全做到位，讓位於河道兩側和下游的居民都能夠平安。 正午時刻，颱風的影響尚未完全遠離，沿海依舊不斷出現長浪，還是要再度提醒市民朋友避免前往從事海域活動，我們一起謹慎面對，平安度過這次颱風。,,,,,,1.0,6
林佳龍,2022-08-02 17:43:00 CST,https://www.facebook.com/100044464388138/posts/604158517742956,好朋友，歡迎來到台灣！ 台美雙方已經證實，美國聯邦眾議院議長裴洛西即將於今晚訪台，預計在台北停留一夜，並拜訪蔡英文總統跟立法院。距離上次美國眾議院議長訪台，已是 25 年前的事。她的來訪，除代表美國不分黨派對台灣的力挺，也傳達美國民意對台灣最直接的支持。她代表美國民意出訪台灣，是正式的訪問，也是台美關係邁向正常化的重要里程碑。 裴洛西議長自 1987 年起擔任眾議院議員迄今 35 年，是美國歷史上第一位女性眾議院議長。依據美國憲法的規定，眾議院議長在美國總統繼任順序中僅次於副總統，是美國政壇舉足輕重的政治人物。她的到訪，證明民主台灣對維護印太地區和平與繁榮，有著不可替代的地緣政治上的重要性。 特別是，當民主國家紛紛發現，伴隨中國崛起，中共帶來的威脅不只針對台灣，也擴散到全世界。如今，台灣是全世界所信賴的安全供應鏈，也是民主價值最堅定的同盟夥伴。相較於成為trouble maker的中國，台灣不再是問題，還是解決中共崛起問題的鑰匙。 近年來，台灣在蔡總統的帶領下，國際地位不斷提升，台灣不僅被世界看見，也被世界所需要。而在中央外交持續努力、訪台國際友人的層級不斷升高的同時，我們在地方上的城市外交，也應有相對應的成長。 特別是作為大台北首都圈的樞紐、身為全台人口最大都市的新北市，不僅有資格成為真正的國際都市、更應在城市外交上有更亮麗的表現。而新北市的市長，不僅應提出能真正接軌國際的願景，也應有能力與自信，對國際變局與兩岸關係提出自己的看法。 遺憾的是，在近期日本與美國等民主友邦重要人士訪台之際，我們從未見到侯友宜市長發表過支持的言論或看法。不僅如此，在新北市升格後，侯友宜市長參與和主政的期間，連城市外交最基本的雙邊關係的推動都乏善可陳。 今天侯友宜市長受訪表示：「台灣歡迎國際友人來台參訪，但更期待區域的和平穩定。」美國友人友善到訪，侯市長卻擔憂區域和平穩定？想請問有意參選總統的侯市長，究竟是哪個國家破壞了區域和平穩定，您可敢回答？,,,,,,1.0,6
陳時中,2022-09-24 18:03:02 CST,https://www.facebook.com/100720289384352/posts/131601172962930,感謝這一群關心首都台北未來，熱愛台灣的律師朋友們。在大家的協助之下，我的律師後援會正式成立，會中提出五項訴求，包括：市政中立公開民主、深化校園法治教育、提升性別多元平等、保護市民個人資料、重大建設專業優先。每一項我覺得都相當重要，尤其在法治教育的部分，需提升公務機關與市民的法律認知。 ​ 我的阿爸也是法律人，他是台大法律系教授。當初，他替我取「時中」這個名字，就是期盼我行事「持中」，持正不阿、中道公平的思考，讓事情做得更完善。年輕時，我這個「時鐘」有時候跑得比較慢，有時候會停頓；但隨著歲月積累、有更多公共事務的經驗，現在「時中」已經準備好了，要替社會做更多的事情。 ​ 站在這面寫滿律師名字的背板前，我覺得相當感動。舞台背板經過特別設計，黑白兩底色交織彩虹線條，代表律師朋友們對我的期許。希望我在市政執行上明辨是非，但對錯之間，也能兼容「以人為本」的溫暖，善用溝通，讓市政推動更加順暢。 ​ 參選至今，我提出超過百項政策，我一定會拼，也希望各位大律師們除熱情相挺，也跟客戶多多分析台北目前的困境，而這個解方就是陳時中，希望大家一定要投給我。 ​ #把事做好 #台北更好,,,,,,1.0,6
陳時中,2022-10-31 11:39:42 CST,https://www.facebook.com/100720289384352/posts/142398371883210,防疫１２ × Ｑ＆Ａ｜防疫要團結．謠言要終結｜ ​ 自中國武漢傳出 Covid-19 疫情至今，台灣同島一心，不分彼此團結抗疫。防疫成果深獲國際肯定。但卻因選舉緣故，遭到競爭對手不斷扭曲事實、散播謠言。如此混淆視聽，抹煞了防疫團隊和全體國人的努力。 ​ 去脈絡化的抹黑很簡單，也很容易，只要一句負面話語，不分青紅皂白替對方貼上標籤，以「三人成虎」的方式，口耳相傳就能輕易詆毀一個人，這是最廉價也最不負責任的政治作為。為了讓事實水落石出，傳遞正確資訊，清晰說明，我和團隊持續努力呈現真相，從不懈怠。 ​ 今天，我針對各種移花接木、無中生有的言語攻訐，製作了完整說明，審慎鄭重地來澄清謠言。呼籲其他候選人能和我一樣，秉持正派的從政初心，進行有格調的選戰。因為，選舉的目的本是尋求全心服務市民的機會，而非打敗陳時中。 ​ 請尊重這場選舉，勿讓負面操作掩蓋了台灣民主的美好。,,,,,,1.0,6
蔣萬安,2022-06-14 12:02:44 CST,https://www.facebook.com/100044398990795/posts/572269257596369,全新直播企劃「講講蔣萬安：萬安談政事」第二集邀請到台灣世新大學啦啦隊(Taiwan Shih Hsin University Cheerleading Team)李敏玲教練，和我一起聊聊冠軍獎盃後的熱血青春！#今晚九點 我們線上見！ 我跟我的前任女友aka現任老婆，以前大學的時候也參加過系上的啦啦隊，李老師說他過去曾經到政大擔任啦啦隊比賽評審，說不定當年還評過我們的比賽喔😁 啦啦隊比賽很可能成為奧運最新競賽項目。台灣啦啦隊素質相當高，過去李老師指導的學生更曾在國際賽事中贏過美國，啦啦隊有機會成為中華隊奧運奪牌的新希望嗎？熱血演出的背後又有哪些辛酸血淚呢？歡迎大家一起加入討論！ 直播時間 🔍 6/14 (二) 21:00 直播主題 🔍 青春熱血啦啦隊！ 下一個奧運奪牌希望！ #世新世新世界之星 #青春啦啦隊 #講講蔣萬安 #萬安談政事 #蔣萬安,,,,,,1.0,6
陳時中,2022-11-08 14:48:04 CST,https://www.facebook.com/100720289384352/posts/144997524956628,認識一座城市，可以登高、可以望遠、可以流連街角巷弄、可以忘返繁華通衢。忠誠路旁欒樹正火紅燦爛、三腳渡落霞孤鶩齊飛、草山山坳間雲霧飄繞氤氳，大稻埕被歲月浸泡後越陳越香......即便是落雨紛紛的時節，這座城市仍讓人眷戀。 ​ 陳明章老師寫了首歌，訴說對台北的愛，吟哦在這片土地上生活的期待，觸動台北人心內的所在。不論是異鄉人或是老台北，都懷抱著夢想在這裡奮鬥；我們珍惜在台北的生活、也想好好在台北生活；希冀咱能作伙團結守護台北、守護咱的家。 ​ 「咱逐家做陣拚 行出咱的光明路」—— 我們一起努力，一起在台北幸福美滿。 ​ ​ 《有希望的都市》 ​ 詞．曲｜陳明章 ​ 貓空的月娘 ​ 北投的櫻花 行到西門町 ​ 散步大稻埕 101佮咱 ​ 逐家來作伴 為著台北城逐家做陣行 ​ 行向日頭的所在 ​ 行向開闊的未來 幸福美滿咱逐家做陣拚 行出咱的光明路 ​ 有希望的都市 ​ 有希望的未來 ​ 有希望的改變 ​ 遮有你佮我 守護首都 ​ 守護咱國家 淡水河邊 ​ 大屯山脈 ​ 咱有咱的夢 咱佇世界站懸懸 ​ 有你 有我 有時 有心 有你 有我 有時 有心 有你 有我 有時 有心 有你 有我 有時 有心 ※特別感謝 陳明章音樂,,,,,,1.0,6
林佳龍,2022-10-07 10:17:49 CST,https://www.facebook.com/100044464388138/posts/649694756522665,依山傍海、環境優美的貢寮，可說是首都圈最療癒的旅遊地，在地議員 #林裔綺 的帶領，立法委員 賴品妤的陪同下，佳龍來到貢寮澳底仁和宮，一起參香祈福，並與鄉親在廟埕進行座談，暢談貢寮未來發展與反核的歷史，同時簽下 #設立反核歷程博物館 承諾書，希望透過故事與觀光，讓大家來認識貢寮人的故事。 ​ 過去，在我參與野百合運動時，就曾與貢寮人一起遊行，後來也以立法委員的身份代表反方，在 2013 的核四大辯論中，傳達明確且清楚的反核論述，對於貢寮鄉親堅持反核的精神，我一直十分尊敬。 ​ 貢寮有發展潛水、攀岩的天然優勢，若能加上「故事」來感動人們、了解在地特色，就能帶動整體旅遊產業升級，打造貢寮與北海岸成為世界級的觀光景點。 ​ 新北大翻新、貢寮大翻身，請大家為翻轉新北投下一票，我們共同努力打拚！,,,,,,1.0,6
林佳龍,2022-10-07 13:26:48 CST,https://www.facebook.com/100044464388138/posts/649801176512023,清晨一早，佳龍與團隊就來到 #三重果菜市場，逐攤拜訪各位頭家、向採買的市民朋友們問早，除了感謝熱情鄉親的沿途鼓勵，我在福德宮參拜時，也不忘為大家祈願，希望攤商們生意越來越興旺、市場也更加繁榮熱鬧！ ​ 對我來說，走進鄉親的日常生活、傾聽大家的心聲，是最真實的互動交流，隨著選舉日倒數接近，我更加勤快出動，要來把握與大家請託的機會！ ​ 果菜市場不僅是批發採購的門面，也是攤商們每日打拚的場域，打造一個更方便、安全、有品質的市場環境，成為新北市的國際級觀光果菜市場，是我承諾要來做到的事情。 ​ 我將透過台中市長任內，推動建國市場遷建的經驗，翻新三重果菜市場，讓這裡交通四通八達、倉儲物流便利，實現新北大翻新的願景，讓鄉親都能安居樂業在此打拚！,,,,,1.0,,5
林佳龍,2022-09-17 12:18:31 CST,https://www.facebook.com/100044464388138/posts/634404848051656,#阿龍開港EP7｜解讀兩岸關係與國際情勢 ft.民主進步黨副秘書長－ 林飛帆 ​ 這次節目不僅開港也「開花」，野百合 VS 太陽花來交流啦！ ​ 我們邀請到民主進步黨副秘書長 #林飛帆 ，來跟大家一起聊聊，從野白合學運時出身的我，與身在太陽花世代的飛帆，對於不同世代的台灣，所面對的民主挑戰有什麼觀察，也分享對兩岸關係、國際情勢的看法。 ​ 近幾年，中共威權統治不斷在擴張、威脅區域秩序，我和飛帆都認同，台灣一定要凝聚一致共識，即便是在野黨，也應以國家利益跟安全為優先，面對中共的文攻武嚇，不應該放低姿態。 ​ 尤其從俄烏戰爭中，更可以觀察到「城市首長」展現的態度，也是捍衛國家的重要關鍵，身為新北市長參選人，我也在節目中表達堅定信念，希望台灣真正成為一個正常國家。 ​ 歡迎每一位關心台灣的朋友們，一起收聽這集節目！ ​ 🐲 本集開港重點： ​ 🌼 不同學運世代，追求相同民主精神。 🌼 與印太區盟友協力，彰顯台灣民主價值。 🌼 面對中共威脅不屈服，城市首長、中央信念要一致！ ​ 🎧 立即打開收聽： ​ ☛ Apple：https://pse.is/4gk2yr:=:https://open.spotify.com/episode/0yquIYxR6NyaMnGMKAEjq0 ☛ Spotify：https://pse.is/4gfud7:=:https://podcasts.apple.com/tw/podcast/ep7-%E5%8F%B0%E7%81%A3%E7%9A%84%E5%85%A9%E5%B2%B8%E8%88%87%E5%9C%8B%E9%9A%9B%E9%97%9C%E4%BF%82%E5%88%B0%E5%BA%95%E5%A6%82%E4%BD%95-ft-%E6%B0%91%E9%80%B2%E9%BB%A8%E5%89%AF%E7%A5%95%E6%9B%B8%E9%95%B7-%E6%9E%97%E9%A3%9B%E5%B8%86/id1631742165?i=1000579751750 ☛ KKBOX：｜解讀兩岸關係與國際情勢 ft.民主進步黨副秘書長－ 林飛帆,,,,,,1.0,6
黃珊珊,2022-10-03 19:24:47 CST,https://www.facebook.com/100044528885416/posts/638235497670741,一個偉大的城市，必然是一個讓市民引以為傲的城市；一個幸福的城市，必然有一套讓他人羨慕的發展程式。 ​ 從學法律當律師，到參政當了21年市議員，再進入台北市政府擔任副市長。秉持「民主自由、公平正義」的初心，我希望每一天的努力，都能讓台北市變得愈來愈好。 ​ 我的第二本書《城市・程式》，紀錄了我擔任副市長二年多來的軌跡，也是我對城市治理的想法與實踐。走過防疫的艱鉅考驗，我清楚學到首長的態度，能決定一個政府的施政效能，勤政文化是上行下效，只有以身作則，更能讓具備責任心的公務員，發揮出真正的能力。 ​ 意志堅定、專心致志，才能引領公務員產生服務心態，將以人為本、公平正義、宏觀願景、多元融合的概念放在心上，進而有溫度地服務民眾，並且內化成為一種本能。 ​ 這是我這兩年多來的施政報告，更包含我對於台北的未來展望。我會抱持初心，無畏、無偽，敢於做對，與偉大市民一同推動台北持續前進。 ​ 這本書，在今天開放正式預購，10/8將正式出版，請各位多多捧場，謝謝大家！ ​ #黃珊珊 #城市程式,,,,,,1.0,6
黃珊珊,2022-10-23 17:02:05 CST,https://www.facebook.com/100044528885416/posts/653916146102676,我要打造的，是不分族群出身，每一個市民都能齊步共贏的台北市。 ​ 上午客家嘉年華結束後，我參加了原住民族基本權利與福利政策領袖對談，除了討論語言文化的傳承，更聚焦在台北居住、求學、求職的「都市原民」，尤其是在「青銀共學」與「創業就業」兩大議題。 ​ 在青銀共學的部分，要讓離開原鄉的孩子，在都市有能夠學習母語的環境，又要同時能照顧到耆老，這也是文化傳承最直接有效的方式。因此，北市原民會目前已經在北投、南港、文山與萬華區設立四個 #耆老中心，提供原民長者學習與健康諮詢的環境，形塑都市裡的原民聚落。 ​ 此外，各局處已經有原民所需的資源，像是創新創業，有一站式創業辦公室，提供許多融資貸款與補助；協助就業的部分，也有 #青年職涯發展中心 未來還會重推 #青年職涯儲值護照 2.0 補助，最多可領3次，補助高達1.8萬元。我們會持續加強更容易且有執行力的溝通管道，有一個資訊透明、族群友善的平台，才能打造全民都能參與的開放政府，我們會繼續努力！ ​ 此外，還有很多獨特的文化與傳統，都應該予以重視與保留，原住民朋友與生俱來天賦更是讓人難以忽視，如何挖掘、培養更多在音樂、體育上的人才，更是未來必須努力的目標。 ​ #黃珊珊 #8號黃珊珊 #TaipeiK33PGoing #偉大市民齊步共贏,,,1.0,,1.0,1.0,"3, 5, 6"
林佳龍,2022-08-27 12:19:46 CST,https://www.facebook.com/100044464388138/posts/620194752805999,新住民共榮！照顧新北多元族群​ ​ 昨天佳龍在 張宏陸、 立法委員 江永昌委員的陪同下，從透早到暗暝，走遍中和與鄉親問好，並出席新北市議員參選人 張嘉玲的座談會，與壯闊台灣聯盟理事長 壯闊台灣 吳怡農、前市議員林秀惠一起宣講，向大家說明我們對「新北多元族群文化發晨」的願景。​ ​ 許多新住民朋友，包括新北市越南新住民同鄉會，昨晚也都出席座談，嘉玲在現場也提到，希望能在中和推動成立「新住民文化中心」，讓新北的多元族群能有更好發展。​ ​ 我不僅認同，也承諾若當選新北市長，會將新住民原來的國家文化，與地方特色優勢結合，再以觀光帶動整體產業發展，向國際展現台灣最美的人文風景。​ ​ 台灣現在要走向世界，新北可以扮演領頭羊的角色，我有過台中市長、交通部長、無任所大使的歷練，不僅有能力來照顧好新北多元族群市民，更有信心讓世界看見，我們對人權的尊重、對不同族群的欣賞。​ ​ 我們在地的永昌委員，多年來為中和積極爭取建設，包括即將啟用的兩座停車場，以及南勢角興南路東西側聯外隧道、中和交流道新增匝道；嘉玲也是我認識很久的好朋友，不僅有中央、地方的歷練，更擔任過民進黨中央婦女部的主任，做事能力大家有目共賭。​ ​ 年底選舉，請各位鄉親市長票投林佳龍，也一起牽成在地好人才，共同來支持 #會做事 團隊，讓我們有機會為市民朋友、為新北這座美麗城市來服務！,,,,1.0,,1.0,"4, 6"
陳時中,2022-08-29 07:40:03 CST,https://www.facebook.com/100720289384352/posts/123691347087246,上次我戴苑裡草帽踅大稻埕的模樣大家都足呵咾，因此特別準備了精彩的影片與大家分享。👉https://youtu.be/ebfr9muToZk:=:https://www.youtube.com/watch?v=ebfr9muToZk ，跟我一起走進時光長廊，細細品味街道巷弄、一磚一瓦，發掘屬於大稻埕的小故事！當個道地的老台北人，一起體驗台北城的古典新魅力。,,,,,,1.0,6
林佳龍,2022-09-11 21:11:42 CST,https://www.facebook.com/100044464388138/posts/630603995098408,月圓人團圓！今天是中秋連假的最後一天，競辦特別舉行新住民家庭日，讓佳龍跟新住民的兄弟姐妹一起共度中秋、品嚐家鄉味。 ​ 今天不只有東南亞的家鄉美食，由南方節奏手鼓團吳振南團長帶領新住民兄弟姊妹，以馬來西亞傳統樂器「手鼓」演奏的歌曲，和泰友印越舞蹈社帶來的舞蹈表演，讓現場十分熱鬧！ ​ 「彩虹之美是因為多色並存、台灣之美是因為多元共融。」 ​ 新北市是台灣的縮影，更是許多新住民的新故鄉，我在台中市長任內，就將第一廣場打造成台灣第一個「東協廣場」（ASEAN Square／ASEAN Plaza）、在交通部長任內也特別重視穆斯林觀光旅遊，到現在擔任無任所大使，也負責與台灣與東南亞國家的交流。 ​ 未來，我要成立新住民文化故事館、讓新北市成為「節慶城市」！一年四季、12 個月，所有的族群都可以在新北市快樂過節！ ​ 我也要特別感謝新住民立委 立法委員 羅美玲 、 民進黨婦女部 主任許嘉恬、市議員候選人 山田摩衣 、 石一佑 - 小佑子粉絲團、卓冠廷抽空到場支持佳龍，跟大家一起同樂。 ​ 祝大家中秋佳節愉快，明天我們再接再厲、繼續打拚！,,,,,,1.0,6
黃珊珊,2022-11-20 19:00:05 CST,https://www.facebook.com/100044528885416/posts/807051270552726,所有台北市民們，你們不是藍的，你們也不是綠的，你們是自由的。 單車騎行的那天，15小時、60公里的自行車旅途，我們細數了台北的改變，這些光榮的改革，要感謝兢兢業業的8萬公務同仁，還有每一個選擇超越藍綠的你。 ​ 因為有你，才讓戮力從公的團隊，有一個發光發熱的舞台；因為有你，黃珊珊才能為台北服務24年，讓一個沒有家世背景、沒有大黨奧援的平凡人，靠著努力站在這裡。 ​11月26日，請投給八號黃珊珊，偉大市民們，讓我們齊步共贏！ 這一天，需要大家站出來，告訴藍綠，這個城市不是一城不變。 這一天，需要大家站出來，超越藍綠，證明人民不是揮之即來、呼之即去的棋子。,,,,,,1.0,6
林佳龍,2022-10-15 09:00:04 CST,https://www.facebook.com/100044464388138/posts/656042165887924,「讓有規劃能力，能解決問題的林佳龍高票當選！」— 賴清德 ​ 昨晚在我和 賴品妤 委員的汐止競總成立大會上，雖然下起滂礡大雨，但仍澆不熄汐止民眾的熱情。我更要感謝賴副總統對於新北及佳龍的力挺與重視，再次來到新北力挺佳龍！ ​ 賴副總統提到，新北是台灣人口最多的縣市、是許多外地人來站起的好地方，更扮演著關鍵角色，「因此，我大力推薦林佳龍，他有規劃能力、有解決問題的專業，讓林佳龍當市長，是新北大翻新的好機會！」 ​ 其實，賴副的阿姨就住在汐止，他小時候常來玩，也對這充滿感情。但就像賴副說的，過去汐止時常面臨淹水惡夢，導致居民生命財產安全受到傷害，直到前總統陳水扁、台北縣長蘇貞昌、行政院長游錫堃等人輪番接力，當時我曾擔任游院長的左右手，到立院負責提出對策。在許多人的努力下，終於逐步解決汐止的淹水惡夢。 ​ 當然，不只汐止，未來我會帶著這樣的熱忱與經驗，一一檢視、解決新北的大小問題，讓空轉好幾年的新北市，再次重新轉動。 ​ 新北要翻新，汐止一定贏！在大雨中看到這麼多的民眾前來支持，實在讓我充滿感激。我會帶著這股氣勢，帶領新北繼續衝，達成大家對於新北大翻新的期望！,,,,,,1.0,6
黃珊珊,2022-11-07 19:11:41 CST,https://www.facebook.com/100044528885416/posts/665511711609786,"退休，是第二人生的開始，我希望每個市民活到老，都能學到老！ ​ 今天與陳宥丞 很榮幸，出席由「台北市12所社區大學永續發展聯合會」及「台北市社區大學講師職業工會」舉辦的「與市長有約」座談會。 ​ 要活就要動，像我媽媽已經90歲了，我都一直鼓勵她出門走走，我想社區大學就是一個長者的好選擇。而且二十多年來，社大的課程也愈來愈多元，像是插花、繪畫、書法、攝影或手機課，都有非常專業優秀的師資，更在文史傳承與人際聯繫上扮演很重要的推手。 ​ 在我的教育政見中，#樂齡學習 也是非常重要的部分。我希望推動「#代間學習」、促進老幼共學。所以，我會在12個行政區成立 #代間學習中心 ，每年也會提供65歲以上的長者3,000元的 #樂齡學習券。 ​ 這種做法，除了能鼓勵長輩持續學習，還能幫助 #母語傳承，因為小孩跟阿公阿嬤在一起，就是最好的母語教學環境！ ​ 此外，我也會延續社大的內涵，成立以培訓職人或達人為目標的2.0版社區大學，計畫於4年內成立6所，讓青年、在職人士都能學習到創新創業、企業經營、財經專業、最新科技與公共議題等知能！ ​ #黃珊珊 #八號黃珊珊 #TaipeiK33PGoing #偉大市民齊步共贏",,,1.0,,,1.0,"3, 6"
陳其邁,2022-10-22,https://www.facebook.com/100044275967405/posts/655139469305246,「人的一生，只有一次。我很慶幸、我很驕傲，無比的感激，我是高雄人！」 這四年，對我們高雄來說，時間過得很快。 2018市長選舉、接續市長罷免、再來是市長補選。還有議員罷免、四個公投案，接續來進行投票。 一次一次的選舉，有人像走馬燈來來去去，但是偉大的高雄人我們都在這，用我們的故事在我們土地寫我們高雄的歷史。 我在高雄也曾跌倒過、失敗過，但是我都沒離開高雄，我的心都在這裡。 我是高雄直轄市民選以來，第一個高雄孩子做高雄市長，第一個在地的市長。 4歲來到高雄，在這裡讀書、娶妻生子、參與民主政治。上半生的青春歲月，都在這塊土地與偉大的市民一起打拚。 高雄，是我一輩子最愛的地方，也是我一輩子與大家一樣、永遠的故鄉。 人的一生，只有一次。 我很慶幸、很驕傲，感到無比的感激我是高雄人，高雄是我一生唯一的選擇！ 兩年拚四年，日也拚夜也拚，時間真的很快，兩年眨眼就到。 蔡英文 Tsai Ing-wen 總統有時候會說，其邁市長常常三更半夜打電話打擾她，這個市長有夠煩！ 但是我要跟大家報告：「高雄的建設不能停、時間也不會停下來等高雄」。 想到要做的事情，第一時間我就緊緊緊來做。 回想這兩年來，不管路途遙遠，不管事情大小、上山下海，38區我走透透。 走過無數，腳踩上我心愛的故鄉。勤快的市長和大家一樣，我們有血有淚有痛苦有快樂，把我們的喜怒哀樂、把我們的生命，寫在我們心愛的故鄉高雄。 城市轉型，從來都不是輕鬆的事，高雄從來不是好命孩子。 有人問說：其邁你為什麼對高雄充滿信心、永遠都那麼認真打拚？ 因為我知道高雄不能失敗，高雄一定要站起來勇敢向前走。 高雄一定要不怕驚惶，永遠走在時代的前頭，才能變做全台灣最美麗、最偉大的城市。 . 上任後我們一起完成許多事： 高雄全國第一個採用宇美町式打法，把長輩、市民照顧得很好，防疫成績單交出9成的滿意度。 去年遇到 旱災的問題，我帶市府團隊短短15天內挖32口井，32口總共13萬噸，包括再生水廠、伏流水的開闢。我們仍持續盤點、做好準備。 #產業發展，從楠梓、到橋頭、路竹、仁武產業園區、亞洲新灣區5GAIoT園區，台南到高雄，即將串成全球最有價值的半導體產業聚落。半導體與電動車，將是台灣未來的雙兆元產業。 我們 #招商引資，在這兩年內促參919億，是全國第一名。年平均招商成長83%，投資高雄到今天為止已經達到5680億。 創造就業機會，築巢引鳳，台積電、穩懋、從默克、英特格等相關大廠，陸續進駐高雄。薪資成長達到8.63%，是全台灣成長最快速的城市。 我們的青年失業率，也持續大幅改善，現在高雄已是全台灣六都青年失業率最低的城市。 高雄營利事業銷售總額已達5.57兆，是所有縣市成長最快，今年年底預計將會繼續寫紀錄。 經濟繁榮，最重要的就是能夠挹注我們的稅收，幫助建設。 去年高雄市政府不只零舉債，還有剩2800萬。就任兩年來我們也創造歷史，上任兩年還債70億元。 踏著堅定腳步，做好配套措施，#輕軌復工成圓，#捷運四箭齊發。 我們的輕軌，現在已經成為全台灣最漂亮的輕軌路線！ 捷運紅線、路竹延伸線，今年1月已經動工。年底、或明年初，捷運林園線動工；捷運黃線，來年動工。 九天拆除中博陸橋，將原來三十天的交通黑暗期，大幅度地縮減。 台39線，高鐵下的道路，從阿蓮到仁武；國道七號、高屏第二快速道路、新台17線，未來在橋科的聯外道路，一條一條，便捷的公路路網，我們全力儘速完善高雄的 #交通 路網。 #運動中心，從0成長到14座，涵蓋的人口超過210萬人，4座已營運，5處已經動工，目標我們3年內我們會全數完工。 #社會住宅，花媽市長當時蓋了500戶，前任的市長規劃數是0。 我們上任馬不停蹄，今年的年底，7000戶將動工，目標1萬5000戶。 高雄市，也是六都唯一，將所有的囤房稅稅收，來作為租金補貼，照顧好年輕朋友。 在年底，我們就會達到33間的 #共融公園；到明年六月，達到40座。 全高雄市455座的公園設施，我們也全部編列預算改善，讓大朋友、小朋友，可以在社區公園裡面盡情玩耍，享受城市的綠意。 市府團隊也加緊地來照顧我們的老幼婦孺。 在今年的四月，就達到 #班班有冷氣。今年的年初，就達到 #校校有雙語；今年九月，就達到 #生生有平板。 社區關懷據點，在今年年底會達到520個；C級巷弄站，到今天已經500個；一學區一日照的中心，在今年也會達到101處。 也感謝中央、花媽市長，跟過去市府團隊共同打拚，我們不只把鐵路地下化，鐵路地下化後誕生的綠園道，總共15公里、71公頃，是十個中央公園的綠地面積。 我們住在高雄最了解：高雄的美，是每一個高雄人的日常。 高流、衛武營，這是我們每一天想到時就會去走走散步的所在。 跨百光年、台灣燈會、台灣文博、台灣設計展，創造就業人口外，也有非常多外縣市、國外的旅客來到高雄，見證從平地到山上，從海邊到平原，我們高雄的美麗。讓所有其他縣市、甚至國外的朋友驚艷。 兩年拚四年，我們在今年天下雜誌的幸福城市調查，社福力躍居第一，城市競爭力從六都最後進步到六都第二！ 所以，我在這裡要特別感謝所有市民朋友。 這些成果，都是所有市民朋友，跟我、市府團隊，大家共同的打拚。 過去，即使面對很多挑戰，也許碰到徘徊、面臨蹉跎而躊躇不前，也曾經停下來，不知道高雄未來要航向何方。 但是這兩年，我們用盡自己的努力，已經向全國、向全世界，見證高雄這兩年已經做好準備。 準備好要起飛，準備要飛向未來、向全世界！ 我要感謝所有鄉親長輩，四年前給我機會、讓我反省、讓我檢討，讓我可以珍惜我剩下來的生命，可以全力的奔跑、全力的為高雄打拚，也能夠讓我更謙虛、更謙卑傾聽民意。 我也要拜託大家： 再給其邁四年的時間，其邁一定會很骨力、認真，跟大家一起打拚，讓高雄更加進步、更受歡迎，這樣好不好？ 這場選舉非常重要，不是只有其邁選市長。 我要拜託大家，讓議會過半，給其邁力量，給市府好做事情，讓高雄可以全力衝刺，這樣好不好？ 11月26日，市長支持陳其邁，議員也要拜託大家支持民進黨，18歲的公民權。 再拚④年，高雄起飛！,1,,,,1.0,,"1, 5"
陳其邁,2022-07-11,https://www.facebook.com/100044275967405/posts/581667966652397,今天到前鎮草衙朝陽寺，一位步履蹣跚的阿嬤特地來看我，説要幫我加油。 我跟她說「阿嬤謝謝！」 忍不住伸手幫她調整好沒戴好的口罩。 疫情以來，長輩一直是我們最關心的。 寺廟前的大樹下，幾位阿伯戴著口罩排排坐好。我問有沒有打疫苗領禮券了？ 他們都說有，還比個7，笑著說領了700元。 廟旁的滷肉飯，香氣四溢，讓人不禁靠近看看有什麼驚喜？ 高雄就是如此精彩多元，我們都共同生活在這裡。 「市民的事就是我們的事」，我們一定會全力的來做。 . 今早最主要視察「#媽祖港橋」改建。 不只是鳳山五甲與前鎮草衙連通最重要的一條道路，更是鳳山通往亞洲新灣區，主要的道路。 亞洲新灣區5G AIoT園區共投入約110億元，也會徹底改變前鎮小港的風貌，並串聯鄰近的鳳山發展。 因此，我們推出三部曲，按部就班改善五甲到草衙上下班比較壅塞的情形： ➡首部曲-「新建海邦橋」，加速海邦橋新建完工，有效分流大概20%左右車流。 ➡二部曲-「前鎮媽祖港橋改建工程」，5.2億預算，中央補助3.2億，其他由市府自籌。 ➡三部曲-「新建捷運黃線」，連結城鄉，讓移入的就業、居住人口，居住地方可以有更多選擇。 企盼如質如期完工，讓五甲及前鎮的交通能更便捷。,,,,1.0,,,4
陳其邁,2022-10-21,https://www.facebook.com/100044275967405/posts/654427646043095,有故事的無敵海景 具歷史意義的高雄「#鼓山魚市場」重新盛大開張了！ 日治時代的哈瑪星，是台灣第一座填海造陸打造的現代化街區，也是現代化高雄的起點。最早有自來水、電力、電燈，更擁有現代化市場、新式碼頭、鐵路、火車站，可以說是當時最「摩登」的地方。 當時大船、商業繁盛，濱線鐵道滿載各種貨物，是哈瑪星黃金年代。 有當地居民回憶，「當時熱鬧不輸日本築地喔！」 看準遠洋漁業商機，1927年，高雄州廳打造擁有完善製冰廠、冷凍廠、漁貨倉庫的高雄漁港。高雄魚市場也在2年後搬遷至現址，結合事務所、競賣場等，是臺灣第一座現代化的魚市場。 戰後，也依行政區，分別改稱為鼓山漁港和鼓山魚市場。 原本是臺灣捕撈鮪魚、烏魚、鯊魚等魚貨重要集散地，曾經佔全臺近5成的遠洋漁業產量。 在60、70年代後，漁業重心逐漸由哈瑪星轉至前鎮漁港，逐漸沒落。 去年，我們決定重新整修啟動改造計畫，拆除老舊建物並整理周邊環境。 讓老記憶再生，成為有美食、美景，呼應歷史的高雄農漁精品展售中心。 建築師以坐擁270度海景的「透明盒子」理念，重新設計鼓山魚市場，著重讓大家看到海，也讓看海過程更有趣。建物用透光材料作為新立面，「窯燒玻璃」營造水的泡泡感。戶外則因應海港氣候，設計出像是「流動浮島」的港邊花園。 主入口，原本的「魚市場事務所」立面外觀整建；背面則保留原本的荷蘭式磚砌法，只加強防水，原汁原味的磚構造，有最原始歷史痕跡。 從「鼓山魚市場」老建築活化開始，串連哈瑪星、鹽埕、高雄流行音樂中心、棧二，駁二、亞洲新灣區。 我今天也和大家宣佈兩項免費：第一個，看無敵的夕陽西下、漂亮的海景不用錢。 第二，在這裡的幸福也不用錢。找個時間時間、跟看對眼的人，那麼近可以看到海，是多麼幸福。 其實跟鹽埕第一公有市場是一樣，有我們的記憶跟感情在這裡。我們不希望做一件建設，把舊的拆掉，蓋新的。把舊的人趕走，迎來新的人，這樣不對。 我們認為把這些最重要的元素保留，也保留在地特色，在地感情，然後再有新的元素，才能讓高雄繼續蓬勃發展。 另外，高雄人討海人很多。 我有一次跟漁民朋友聊天。 他說：「市長，抓魚的人都很聰明。」 我問：為什麼？ 他說：「如果不聰明抓不到魚。」 高雄討海人那種冒險犯難、不畏艱難勇於挑戰的精神。船一出去，茫茫大海，拼搏努力才能滿載而歸，這是高雄人的特質、精神。 我們就是以這種精神，共同成就高雄的美好。 我要在這裡向努力過的的人表達感謝，努力的人，把故事寫在這片土地。 . • 鼓山魚市場 高雄市鼓山區濱海一路109-1號,,,,,1.0,,5
陳其邁,2022-10-15,https://www.facebook.com/100044275967405/posts/650090046476855,高雄，準備欲飛！ 今天從早到晚跑了12個行程，見到好多熱情的市民朋友。 記得兩年前辭掉行政院副院長，回到我的故鄉高雄。 當時我就決定： 要用盡全身的力氣，為了高雄這塊土地打拚。 「用兩年時間、拚四年建設」，這不僅是我的承諾、更是我對自己的要求。 這兩年可以說是非常辛苦，我們關關難過關關過。 面對 #疫情，高雄採用宇美町的疫苗注射、居家關懷系統和快篩試劑領取，都是全國第一。 百年來最嚴重 #水情 挑戰，上山找水、立刻啟動應變計劃，在短短不到一個月的時間開拓水源，預計到117年會增加44萬噸的供水。 這兩年來我們已經做好準備。 #產業轉型，我們一方面加緊招商，二方面我們做好所有迎接大廠的準備。 台積電到高雄投資、半導體的S廊帶成形。亞洲5G AIoT新創園區中央大力補助110億元，各大國際的廠商也到亞灣區投資。 高雄這兩年內不計台積電投資總共招商5187億，比過去成長83%。 招商引資、創造就業機會，我們在110年的營業銷售總額也突破5.57兆。 大力拚建設，重大建設全部重新啟動。 輕軌捷運 #四線齊發，岡山路竹延伸線已經動工，捷運黃線、林園線動工在即。 公路路網布建，四橫四縱，如期如質進行。 高雄的美，是我們的日常。 我們都住在高雄，最知道高雄的好。 住在這片土地、住在高雄是一件非常幸福的事。 綠園道、高流、衛武營、總圖，跨百光年、燈會、文博、台灣設計展等，每一項都讓大家驚艷，重拾驕傲。 中博橋9天退場，還給市民天際線；社福力提升到六都第二，社區關懷據點在年底總共520個、C級巷弄站498個、日照中心在今年底會達到101個，照顧好長輩健康。 #班班有冷氣 4月已經成真，高雄還加碼電費補助。我在當副院長時就開始與蘇院長建議，感謝 蔡英文 Tsai Ing-wen 總統、 蘇貞昌 院長大力支持。 #校校有雙語，今年預算也增加到2.17億，比過去兩年增加2.5倍。大幅增加師資、改善教學環境。 上任後，我們增加到14個 #運動中心。 #共融公園，我上任之前高雄市1座，年底將完成33座，預算增加10億，未來455個公園全部提升安全標準。未來希望增加到40座。 降低年輕人負擔，我們和中央合作，年底將有7千戶 #社會住宅 動工，未來規劃達15000戶。囤房稅每年3億的稅收，全數挹注年輕人租金補貼。 另外一件很重要的事情就是 #18歲公民權，今天我們民主聯盟的學生代表也到場呼籲。 這是我們社會進步的力量！希望大家給機會，年輕人們一定可以做得更好。 深深一鞠躬，感謝所有市民朋友大家一起努力打拚。 這兩年下來，我們已經做好完全的準備。 我們有無比的信心，也會踏著堅定地步伐，讓高雄未來，走向全世界。 剩下四十幾天，馬上就要投票。 11/26，請繼續支持認真、在地的市長，也支持18歲公民權。 讓我們再拚四年，高雄起飛！,,1.0,,1.0,1.0,,"2, 4, 5"
陳其邁,2022-08-28,https://www.facebook.com/100044275967405/posts/614089163410277,不是不小心手滑！ 是我的鹹酥雞，就想加這麼多辣🌶🌶🌶 「鹹酥雞女神」張文綺 Shiny，看到也笑到不行。 趁著雨後天氣涼爽，趕快把握最後機會！ 今晚9點前，在大遠百戶外追夢廣場，集結全國鹹酥雞的 #鹹酥雞嘉年華 。 This is the final call! 錯過了，再等一年！,,,,,,1.0,6
陳其邁,2022-10-25,https://www.facebook.com/100044275967405/posts/657496925736167,最美輕軌，試營運啓航！ C20-C24有五個車站，可說是串連整個捷運、輕軌，最重要也最關鍵的一段。 上任後，輕軌復工是我們最重要的任務。 過去輕軌曾停工兩年，上任之後兩個多月，我們盡力協調、溝通，以最大共識，提出9項改善方案。 其中龍貓隧道，是因將輕軌的路線北移誕生；島式月台改側式月台，多出空間給車道，大幅度地降低對於交通的衝擊。再加上交通環境動態模擬多次的試算，就立即恢復興建。 從前年到現在，一年多的時間就完工，要感謝所有捷運局同仁與工程人員的努力。 這也是我們的態度：當重大建設碰到問題的時候，不迴避，直球對決拿出解決問題的方法。 才能讓交通建設一項一項能夠往前走。 假如碰到問題，就放在那邊蹉跎，問題不解決、又沒有下決定的話，很多重大建設都沒有辦法繼續往前走。 而 #輕軌成圓 為什麼重要？ 因為這是交通平權、綠色交通的一段路。 代表不管富有貧窮、住在城市或鄉下、山上和海邊，都能有公平使用交通運具的機會。 而路線涵蓋醫院、美術館，因此也和文化平權、生活與醫療平權有關，我們全力促進。 捷運四線齊發，短短的兩年，今年1月紅線延伸到路竹已經動工。 年底，捷運黃線也預計動工。捷運林園線，從提出可行性評估、到行政院核定，以平行作業方式，加速籌設速度。 我想今天應該最開心的，是我們捷運局的同仁。 終於可以向長期推動的夢想，再前進一步！ 也感謝所有的市民一起努力，交通建設持續推進，我們希望帶來更便利的生活。,,,,,,1.0,6
陳其邁,2022-10-05,https://www.facebook.com/100044275967405/posts/641987027287157,,,,,1.0,,,4
張善政,2022-08-31,https://www.facebook.com/photo.php?fbid=816099176545983&set=a.716783706477531&type=3,永遠感念我的老東家 宏碁Acer 綠營請衝著我來 別傷害本土企業 最近，大家關注我在宏碁電腦任職時做了什麼？正是那段時光，使我與美麗的桃園結緣，同時也是我人生中壓力最大、最辛苦的一段時間，但辛苦過去，我認為我對得起我的老東家，另一個台灣之光Acer！ #參與台灣第一座國際級雲端資料中心 90年代末，宏碁創辦人施振榮先生、黃少華先生預見到未來網路的發展，想要在桃園的龍潭渴望園區建立國際級的雲端資料中心。由於我在國科會等科技相關單位的經驗，他們找上我。這座資料中心的主機量，是當時全台灣第一。 這項國家級計畫，第一期的建廠，就花了20幾億，前後十幾年的建設期間，從硬體、機電到技術轉移，至少投資了50億，為台灣打下雲端科技能量的基礎，能參與這樣的計畫，是我的榮幸。 #全台灣最好的工程品質 開始興建前，我們飛到美國的IBM、HP等大公司取經，潤泰集團的尹衍樑總裁當時感嘆「事情大條了，這絕對是台灣首創、沒人做過的工程」，結果證明，確實如此。 回到台灣，我們開始實際建設雲端資料中心。為了資料安全，我們必須同時埋設兩條輸電纜，確保不斷電，種種的機電工程幾近「吹毛求疵」。最後，工程的成果蓋得由於蓋得銅牆鐵壁，防颱、防火、抗震。也難怪有人說「這是台灣最好的工程品質」。 那幾年我背負非常大的壓力，天天就想著要爭取客戶，讓宏碁的投資能得到回報。在宏碁的10年，我完成了不可能的任務，為台灣的發展作出貢獻，更與美麗的桃園結緣，得以認識這一片有著不同族群、風景與包容力的美麗城市。 如今，卻因為我個人選舉的因素，導致老東家被捲入綠營政治鬥爭、抹黑的漩渦之中，我深感過意不去。對老東家，我只有無限的感激。在這裡，我要向民進黨喊話： 為了要對付我一個人，值得拉我們台灣優秀的本土企業下水嗎？要付出這麼大的代價嗎？要抹黑、要搞政治，就請衝著我來吧！髒水，潑到我為止！,0,0.0,0.0,0.0,0.0,1.0,6
張善政,2022-11-26,https://www.facebook.com/100044377241488/posts/883254513163782,做市民公僕 拚桃園善好！ 今天不是我個人的勝利，是屬於全桃園人民的勝利，是全台灣的民主勝利！ 未來我將成為桃園市民的公僕，桃園的進步和發展都跟我緊密相連，和桃園共榮共存，從今日開始，我會盡全力守護大家，讓桃園更進步、更幸福！ 我要感謝桃園鄉親朋友，謝謝你們把桃園的未來重擔交給了我，也謝謝大家在讓我這場艱困選戰中，給我向前打拚的力量，將來我和所有市民站在一起，用最好的市政成績來回報大家！ 我要向桃園市長鄭文燦過去八年為桃園的付出致意。未來接棒市政，我會秉持專業，不分黨派來規劃，一切以市民的福祉為依歸！ 我也要感謝一起拚桃園未來願景的三位可敬對手，謝謝你們一起守護桃園的未來、見證桃園的民主！ 明天開始，我們一起捲起袖子，為桃園打拚！,0,0.0,0.0,0.0,0.0,1.0,6
張善政,2022-11-11,https://www.facebook.com/100044377241488/posts/871201447702422,挺善良 反奧步 大家一起站出來 這段時間，我受到許多的抹黑、抹紅攻擊 不只是我，還有許多同黨的、在野黨的候選人 我們秉持從政初心、想為家鄉做點事情 但只是因為和執政黨顏色不同 可能危害到當權者的利益 就要遭受府院黨資源鋪天蓋地、抄家滅族的對待？ 有住在桃園區的市民打電話來 說他家裡樓下的信箱 也收到署名「民主進步黨桃園市黨部」的黑函 這樣的奧步 真的對候選人、對選民公平嗎？ 對我們那一代人來說 「知識報國」是最高的榮譽 一身出國留學取得的專長與知識 能夠帶回來為國家社會做出貢獻 是許多工程師、技術人員願意忍受辛苦 日以繼夜做研究、拚研發的動力 我在擔任行政院長做事、救災的時候 從來沒有分過藍綠、沒有差別待遇 因為參與公共事務 是希望社會整體更好 更惡質的是，當執政黨跑出來說別人奧步 自己卻動用司法、檢調、黨政、媒體、網軍甚至黑道 來追殺在野黨的候選人 甚至打壓民間意見領袖 民進黨自己，不才正是「奧步黨」嗎？ 我最不能接受的 是執政黨蔑視專業 動用政府資源消費台積電 不審慎評估就草率推動1200月票 這是對企業、對納稅人都非常不負責任的做法！ 有人說，今年選情有點冷 但我要請所有對國家社會進步抱有熱情的朋友 一起站出來！ 因為有一個如此踐踏專業、以私害公， 還用奧步而非政策專業與願景來選舉的執政黨 我們不能再袖手旁觀 一定要站出來 阻止民進黨的錯誤政策 害台灣繼續向下沈淪！ 「挺善良 反奧步」 這是我們今年站出來投票 實踐民主 也維護民主最好的理由！,0,0.0,0.0,0.0,0.0,1.0,6
張善政,2022-11-12,https://www.facebook.com/100044377241488/posts/872244294264804,六六大勝 六都大團結💪 作伙為你 拚出好日子❗️ 今晚在板橋 六都戰鬥的夥伴們在一起 侯侯做代誌侯友宜 媽媽市長盧秀燕 台北萬安蔣萬安 高雄戰將柯志恩 犀利龍介仙謝龍介 以及我們的總教練 朱立倫主席 中道、務實、善良、專業的力量大團結💪 1126「挺善良、反奧步」 大家一起站出來！,0,0.0,0.0,0.0,0.0,1.0,6
張善政,2022-11-07,https://www.facebook.com/100044377241488/posts/868089598013607,數位五策 打造智慧新桃園 讓桃園成為年輕人新創門戶！ 人工智慧（AI）、區塊鏈（Blockchain）以及大數據（Big data）等新技術正在改變人類的生活。透過科技持續探索未知的邊界，是人類進步的原動力，城市發展自然也不能例外。 今天我提出桃園市《數位五策》，透過將數位科技導入市政領域、營造友善科技新創環境，讓桃園成為AR、VR、區塊鏈等技術應用及元宇宙產業的先驅城市。 1⃣️導入建築資訊模型（BIM）與驗證機制，發展智慧交通，邁向桃園 #數位雙生（Digital Twin）！ 2⃣️用AI #人工智慧 為城市加速，不僅市政要AI化，產業更要能使用AI技術！ 3⃣️推動桃園成為 #區塊鏈 友善城市，推動將區塊鏈導入市政、創新金融、公共工程、法務應用等領域！ 4⃣️用 #數位思維 改善市政決策與治理品質，優化桃園市府提供的數位服務！ 5⃣️建立數位制度，強化 #數位民主，善用行政院資安長的經驗，確保市民與市府的資料安全！ 科技帶來的不只是機會，也有挑戰。數位極權（Digital authoritarianism）的威脅不只來自境外，國內的數位極權，諸如執政者推動《數位中介法》的不當作為，同樣需要國人警醒。 「我們不能讓政府利用網路數位科技，箝制公民的自由！」 我將會提出《桃園市數位自治條例》，建立合於數位人權的法律基礎與技術架構，捍衛數位時代的台灣民主。 來自桃園在地的元宇宙新創團隊今天也加入我們，展示VR與元宇宙遊戲開發實境，秀出台灣年輕人的科技軟實力！我非常振奮，這顯示我們桃園真的是人才濟濟，完全有在國際舞台競爭的實力！ 未來透過落實「數位五策」政見，我們一定要讓更多有潛力、有夢想的年輕人，將桃園視為科技創業的第一選擇，打造科技新創的生態系，讓桃園成為台灣新創門戶！,0,0.0,0.0,1.0,1.0,0.0,"4, 5"
張善政,2022-11-12,https://www.facebook.com/100044377241488/posts/872051584284075,緊握每一雙手 繼續認真勤走 選戰倒數14天 我們的選戰節奏持續加速 我們 沒有中央執政的國家機器護航 沒有地方執政的資源挹注 但我知道 每一位市民眼神中對桃園未來的期待 就是讓我勇往直前最大的動力 握緊每一雙手，繼續認真勤走！,0,0.0,0.0,0.0,0.0,1.0,6
張善政,2022-08-30,https://www.facebook.com/100044377241488/posts/815645293258038,身正不怕影子斜，嚴正反擊選舉抹黑！ 受委託報告對台灣有貢獻絕非抄襲，歡迎大家檢視！ 剛開始參選時，綠營的朋友就警告過我，執政黨會動用國家機器、媒體資源的抹黑、抹紅、抹黃會鋪天蓋地朝我來攻擊，今天竟然用媒體放話指控我抄襲，實在是天大的笑話！此委託報告的目的與規格，跟學術學位論文南轅北轍、截然不同，兩相做比較根本就是「張飛打岳飛」！ 大家都知道，我於2000-2010年曾在宏碁電腦公司擔任電子化事業群副總經理，當時這個案子「農業電子化發展策略分析與規劃」是宏碁接受農委會委託的三年研究案，主要目標是向台灣農業研究單位介紹國外農業電子化新知，所以當然會翻譯、引用各種文獻及資料來源來介紹給農委會參考，這絕非抄襲。 當時承接此委託案，研究團隊共有12個人，我是公司的部門主管，所以掛名主持人，並非我一個人獨力執行與撰寫，一個人也根本無法完成。在我的記憶中，每一位團隊的成員都是認真負責，希望為台灣的農業作貢獻，我們要大量閱讀、整理世界各國的農業電子化政策，然後消化分析，提供農委會以及每一位對台灣農業有期待的人，做制定政策的依據。 我看到一些造謠抹黑的標題，說什麼5700萬只交出六頁報告，更是胡說八道！在這個委託案三年（2007-2009）的過程中，橫跨兩屆藍綠的政府，不只是寫報告、蒐集各國資料，還要到各研究單位舉辦研討會、座談會、跨部會溝通、各國考察、發行電子報、系統開發、農委會相關計畫輔導等，成果十分豐碩。 實際上不同份數的報告分別有上千頁，包括97年度就製作超過11份專題子報告，以及國際資訊應用策略分析、實地參訪心得等等，這在相關網站上都查得到，例如「政府研究資訊系統GRB」。 造謠抹黑的有心人士，意圖指控我也涉及抄襲，然而，該委託案計畫撰寫規範與學術論文規定與定義完全不同，相關計畫皆經過農委會審查機制審核，三年計畫成果豐碩，且驗收時也受到農委會的肯定。 當年農委會資訊中心是甲方業主，對我們表現甚有好評，我也感謝當年資訊中心的林貞主任第一時間出來幫我澄清、闡述事實真相，她公開在臉書上提到： 「當年張善政院長在宏碁接受農委會資訊中心之委託，進行三年計畫，目的是蒐集引進國外農業電子化新進展資訊，供國內農業研究單位參考，選擇適合台灣環境導入應用。因此翻譯摘取國外文獻精華乃是必要，引用之重點資料均有提供本會出處。翻譯引用文獻，不是抄襲。」 此外，我當年任職的宏碁電腦公司，今日稍早也已經發出聲明澄清給該報導媒體： 「本公司自2007年起3年執行行政院農業委員會『農業電子化發展策略分析與規劃計劃』專案，內容彙整國內農業發展狀況、農委會等各機關E化等科技應用情形以及國外實際執行方式及結果，更包括實際導入新的技術與場域內進行驗證、舉辦研討會及座談會等。本專案內容包含國內農業E化資訊、農委會轄下等各機關做法，故須引用相關文章。」 真正檢視該份委託案內容可以發現，其產出的各種書面計畫字數龐大，媒體指涉的極少數篇幅，反而證明有疑義的比例極低，我誠摯呼籲，有心人士切勿因選舉利益就政治操作、顛倒是非來抹黑優秀的本土企業、抹煞此報告對台灣農業電子化發展的貢獻。 我要和大家報告，我對該計畫的研究成果有信心，也對其貢獻深感驕傲。對於書面文字極少數引發疑慮的部分，我也呼籲相關單位秉公辦理、該怎麼處理就怎麼處理。 很遺憾因為我個人的選舉，導致當年團隊對台灣的付出，被拿來抹黑成抄襲的問題，我也要對曾任職過的宏碁公司被捲入選舉是非、造成困擾，感到遺憾、過意不去。 我不能接受這種造謠抹黑的選舉手法，更不可能被這種移花接木、指鹿為馬的手法打倒。選舉對手應該尋求更正面的競爭方式，才是桃園之福、台灣之福。身正不怕影子斜，歡迎大家檢視我、檢視這份報告！,0,0.0,0.0,0.0,0.0,1.0,6
張善政,2022-09-30,https://www.facebook.com/100044377241488/posts/837878514368049,民進黨不抹黑就不會選？！ 我張善政坦蕩蕩，如果要抓我，現在就來！ 特定媒體今天以頭版頭刻意的偏頗報導大幅度炒作、檢方加碼配合說我「賄選」，側翼網軍再發文炒作，再度對我展開人格毀滅戰。類似的手法似曾相似，選舉奧步毫無意外「又來了」！ 我可以直接拆解他們的套路：「黑函爆料」→「媒體炒作」→「側翼跟進」+「檢調跟進」，含沙射影、張冠李戴的指控你觸法，實在是老狗變不出新把戲，果然，民進黨不抹黑，就不會選！ 綠營側翼指涉我參與9月25日，在中壢藝術館舉辦的公開活動「重陽敬老藝術展演」上，應邀上台協助獎品、獎金是涉及「賄選」，但是，獎金、獎品都不是我提供的，活動也不是我辦的，活動指導單位還是桃園市政府文化局，當天我本人只是一個客人、來賓，應邀上台，這在地方上或日常社區活動都很普遍。 為何特定媒體、檢調只追殺張善政？這不是蔡英文國家機器追殺政敵，什麼才是？ 當媒體自甘淪為打手，介入選舉抹黑在野黨，為打壓對手無所不用其極，竟然說我在一個「全程錄音錄影」，有「300人出席」的「公開場合」，行「賄選」之事？真是讓人笑掉大牙！如此栽贓杜撰，民進黨還有什麼事情做不出來？ 政治力介入媒體如此之深，近年來屢見不鮮。從《鏡週刊》淪為綠營御用抹黑工具，在桃園、新竹連續追殺政敵；《鏡電視》遭綠營高層介入掌控、破壞政媒份際；到TVBS恐面臨被移頻、形同「類關台」的不公平對待。明天，是不是要輪到其他電視台？ 民進黨打造的綠媒共生系統越長越大，只服膺執政黨、追殺政敵，官媒勾結這樣的作法，令人不齒。 我要呼籲蔡總統與民進黨，如果害怕公平選舉、害怕選民反撲，要用這種不公平的方式對待我，要抓我，現在就來吧！你們有瘋狂亂咬人的側翼特定媒體，手握檢調系統，何必那麼麻煩還要抹黑，乾脆直接、現在就把我收押好了！ 張善政清清白白、坦蕩蕩，不怕任何檢驗！ 台灣的乾淨選風與民主價值，不應該被民進黨一黨一人的私利傷害！ 民進黨如果要繼續這樣濫用司法跟公權力，打壓異己只為選舉，我拼了命也要跟民進黨戰到底，絕不退讓！,0,,,,,,
"鄭運鵬
",2022-08-17,https://www.facebook.com/100044626770324/posts/608563160641238,"今天正式接受民進黨的提名，扛起責任，擔任2022年桃園市長候選人。 還記得七年前，2015年4月15日，當時我很榮幸和 蔡英文 Tsai Ing-wen 主席一同接受民進黨的提名徵召。當天記者會主題是「找回自信，點亮台灣」，我是被徵召的立委提名人，同時也是輪值發言人，我要負責主持蔡英文主席參選總統的記者會，也等於主持自己被提名的記者會。一人多工，請大家放心。 我相信蔡主席、鄭市長一定可以信任我，不論何時、什麼任務，只要台灣有需要、民進黨有需要，鄭運鵬就會扛起責任、使命必達。 過去一年多時間，媒體朋友問我桃園市長徵召的看法，我說的最多的一句話是：「如果民進黨提名我參選，我的責任就是一定要勝選」。這不只是個人的自信，而是中央有蔡英文總統、 蘇貞昌 院長的執政好成績；地方有 鄭文燦 市長翻轉桃園，靠著五星級施政獲得市民的超高支持。 我是站在蔡英文總統、蘇貞昌院長、鄭文燦市長三位巨人的肩膀上，來參與這次桃園市長選舉。有時候選舉就是這樣，有一點點逆風，我們桃園隊感覺滿涼快的，我們前進的腳步會更快。 2020年疫情開始肆虐，但台灣的經濟是全界少見的逆勢成長，不但是亞洲四小龍之首，也是全世界主要經濟體中唯一正成長。2021年的經濟成長率更創11年來新高，超過6%，國內生產毛額（GDP）也首次平均超過3萬美元。2017年以來，年年歲入超收，台灣經濟榮景盛況空前，民進黨真的做到了「點亮台灣」，身為本黨立法委員，我與有榮焉。 過去八年，在鄭市長帶領下，桃園是六都人口成長最快速的城市，八年成長21萬人。此外，這幾年因為疫情、中美貿易戰，台商回流台灣，投資台灣三大方案，總投資1.7兆，桃園就佔了3,400億，全國第一，企業選擇桃園是現在進行式。機場捷運通車，捷運綠線、鐵路地下化動工，桃園新圖書總館、會展中心、市立美術館也即將在這兩年陸續完工，桃園正在以光速全力衝刺前進。桃園市在鄭文燦市長的帶領下，改變是有目共睹的，身為桃園立委，我成就感十足！ 雖然在各種因素之下，今天我成為今年九合一選舉民進黨最後提名的直轄市長候選人。智堅勇敢承擔責任，選擇退選，雖然令我們不捨，但我要告訴大家，鄭運鵬不是來逆轉勝的，我是來擴大領先分數。 調整隊伍從控球後衛轉任得分箭頭，最後一棒也跑最快，最後衝刺，桃園新竹一起勝利，一起成為台灣的心臟、世界的引擎。運轉桃園，大。進。化！ 最後拜託大家，鄭運鵬一票，18歲公民權一票。謝謝大家！",0,0.0,0.0,1.0,1.0,0.0,"4, 5"
鄭運鵬,2022-10-31,https://www.facebook.com/100044626770324/posts/665474508283436,鄭運鵬愚公移山，找來護國神山，做市民的靠③ 今天媒體報導，台積電將啟動先導計畫，不僅投資要落腳桃園，而且是最突破、最先進的兩奈米以下製程。這一年多來，有如愚公移山，我們終於讓 #護國神山，成功地來到桃園。 事實上，在整個投資案的過程中，我大約在一年前先請教國科會吳政忠主委，探詢相關可能性後，就跟鄭文燦 市長率領的市府齊心協力，市府負責在地的各種招商協助，我則是扛起向蔡英文 Tsai Ing-wen總統、蘇貞昌 院長報告說明的任務，隨後串聯包括國科會、經濟部等部會，從園區擴建到水電協助等各項可能規劃，務必要協助護國神山能夠因為投資桃園，而繼續保持領先。 這項工作已經籌備許久，很多朋友好奇我在去年底四大公投時，為什麼站在最前線辯護，除了我一直認為這是正確的國家基礎建設外，更是因為我知道，有一天桃園會需要大潭電廠提供更充沛的電力，讓桃園的半導體聚落更完整先進。所以公投這仗我們一定要守住，桃園才有繼續迎來台積電的機會。 我自己是工程背景，很多朋友在相關領域服務，我很了解當新竹飽和後的用地需求，考量地緣關係，成家立業的高階研發工程師，除了新竹，來桃園最適合。而且台積電在龍潭園區已經有2個先進封測廠，整個桃竹竹科技廊帶，從設備、化學材料、IC設計到晶圓製造、封裝測試及載板等等，可以說是全世界最完整的聚落。 我的看法是，龍科再擴大，將是未來台積電持續維持頂尖的關鍵場域。桃園目前就擁有護國群山產業鏈的上游和下游企業群，擁有絕對的服務優勢，台積電投資案不只是地方大事，也是台灣繼續在世界保持領先的關鍵。 過去我在立法院串接中央地方，未來我會在桃園市政府繼續推動。不管是單一窗口，全程服務的招商服務，或是成立半導體學院培育更多人才的基本條件，從台積電到大大小小的產業，運鵬一定全力以赴，讓我們桃園成為產業投資的最佳選擇。,0,0.0,0.0,0.0,1.0,0.0,5
鄭運鵬,2022-11-26,https://www.facebook.com/100044626770324/posts/685947146236172,謝謝陪我到選戰結束的各位好朋友、鄭文燦市長，還有我們所有競選的幹部，所有支持者，大家晚安。 首先，運鵬要感謝大家，即使在最短的選舉過程中，我也感受到市民朋友對鄭文燦市長8年成績的肯定，也感受到大家對我的支持熱情，運鵬在此向大家致上最深的歉意，我們虛心接受桃園市民的選擇，這是我個人的努力不夠，這次的敗選責任應該由我一個人來承擔，感謝各位市民朋友、所有的輔選團隊、更感謝鄭文燦市長及團隊，在這段時間給我最大的支持與鼓勵。 剛才我已經致電張善政準市長，在這裡再一次表達恭喜，希望張善政準市長在往後4年任期，傾聽市民的需要，回應市民的需求，讓桃園繼續進步。 我知道大家現在的心情一定很沮喪、很難過，但我要告訴大家，選舉只是一時的，紛擾、對立都會過去。鄭文燦市長8年對桃園建設的好成績，不會因為一場選舉就消失，我們還是要繼續守護我們最心愛的桃園。 桃園是個正在起飛的都市，在選戰過程中，我所提出建設桃園的政策，我會繼續支持，也請大家祝福桃園繼續進步。 我對桃園有最深厚的感情，也希望大家不需要因為這次的選舉，對我們的民主懷疑，對自己的價值懷疑，我們一起讓桃園更美好、台灣更美麗。沒有讓支持者達成希望，我再次跟大家說對不起，希望大家繼續給民進黨機會，我們會在各方面虛心檢討，我們會更加努力。 謝謝大家，明天之後，我會在立法委員的崗位上繼續努力回饋桃園，感謝大家，謝謝各位。 有我在，大家放心。,0,0.0,0.0,0.0,0.0,1.0,6
鄭運鵬,2022-08-29,https://www.facebook.com/100044626770324/posts/617420303088857,今天我帶著桃園隊一起完成參選登記，第一天就完成登記，表示我們桃園隊有後發先至的實力跟決心！ 各位鄉親塞給我的喉糖、枇杷膏、八仙果、蜂膠、消炎藥，我已經通通吃一遍，希望今天中午之後的行程，我的聲音能長一點回來。 感謝各位朋友的關心，我會努力養聲，日後才可以幫大家持續發聲。接下來的選舉，會走向正面歡樂，全體桃園隊會通通全壘打，順利當選大進化！💪 #運轉桃園大進化 鄭文燦 黃世杰 林飛帆 立法委員湯蕙禎,0,0.0,0.0,0.0,0.0,1.0,6
鄭運鵬,2022-10-05,https://www.facebook.com/100044626770324/posts/644679673696253,各位桃園的勇者啊，又到了我們 #勇者號出任務 的時候了！ 以下為本週活動通知，大溪、平鎮的朋友，我們週末見！ 除了有精彩馬戲表演，現場還有免費棉花糖喔🍭 📣10/8(六) 下午4：00 號召「大溪小勇者」出任務！ 勇者號！出任務 親子劇場 來到 #大溪區 埔頂公園停車場 「馬戲之門」將帶來精采的馬戲團表演 10月8日星期六 🎈周邊遊樂攤位 15:00 開放 🤹開演時間 16:00 🎪大溪區埔頂公園停車場（仁善街及埔仁路口） — 📣10/9(日) 下午4：00 號召「平鎮小勇者」出任務！ 勇者號！出任務 親子劇場 來到 #平鎮區 中庸路 「創造焦點」將帶來精采的馬戲團表演 10月9日星期日 🎈周邊遊樂攤位 15:00 開放 🤹開演時間 16:00 🎪平鎮區中庸路（文心路至開封街段） — 📣10/7、10/14活動延期公告 ‼️原訂兩場活動，延期舉辦‼️ 10月7日（五）觀音區 草漯保障宮停車場 10月14日（五）中壢區 中壢中正公園 正式時間將另行公告 歡迎大家我的官方LINE：@nicepon 鎖定「勇者號出任務」最新活動資訊！,0,0.0,0.0,0.0,0.0,1.0,6
鄭運鵬,2022-08-19,https://www.facebook.com/100044626770324/posts/610203157143905,桃園隊定裝照！一個城市要歡樂，就要從玩市長開始！ 今天跟 鄭文燦 市長以及議員、候選人們一起拍攝定裝照。這些照片未來不僅會成為文宣，更會出現在各大路口的看板。 我說過，這場選舉要有歡樂的感覺，當然影響城市景觀的看版也要歡樂起來！選舉應該是一場民主的嘉年華，有趣很重要、風格很重要。光劍、鋼彈、皮卡丘通通來！ ＃運轉桃園大進化,0,0.0,0.0,0.0,0.0,1.0,6
鄭運鵬,2022-08-30,https://www.facebook.com/100044626770324/posts/618169616347259,國民黨張善政先生過去在民間企業時，以「複製貼上」的方式編寫研究報告，不可思議地領取了農委會高達5700多萬元的研究經費公帑。 張善政先生過去一段時間，為了選舉利益消費競爭對手，高喊誠信，今天被發現以不當的方式，從政府獲利5700多萬元。這跟日前大家所質疑的「張善政政見抄高中生論文」事件相比，又是更嚴重的層級。 張善政先生的三年計畫，主題為「分析與規劃」，我相信分析與規劃絕不該只是「蒐集」、「複製貼上」而已，甚至有些報告內容是直接來自委託他研究的農委會網站，難道農委會是花錢請人來複製貼上自己的網站嗎？這5700多萬元的政府公帑，完全浪費。 張善政先生的說法顯然無法說服大眾，張善政先生應該更正式向全民報告他是如何撰寫，並從政府領走近6000萬元；因為這不但是獲利的行為，更是不當獲利，是政府的國庫、政府的財產、人民的納稅錢。 我不期待張善政先生會用最嚴格的標準來檢視這個案子，但至少，請他用之前的同樣標準來檢視自己，並公開說明他未來將如何防弊，防止「張善政副總這樣的弊端」在桃園市政府發生，來給市民參考。,0,0.0,0.0,0.0,0.0,1.0,6
鄭運鵬,2022-11-08,https://www.facebook.com/100044626770324/posts/671481364349417,四大首都圈共同宣布，首都通交通月票1200元！ 今天和台北市長候選人 陳時中、新北市長候選人 林佳龍 以及基隆市長候選人 蔡適應，共同宣布未來合作推出首都通交通月票1200元，落實綠色交通、2050淨零排放的目標。 首都通交通月票1200元也代表了整合市民朋友工作、生活、就學，也是一個跨縣市、跨運具、跨生活圈、跨年齡層的交通政策。 首都通交通月票1200元政策，希望照顧我們的桃園市民，未來將納入台鐵、國道客運、機場捷運以及未來捷運綠線和其他捷運路網，以後，只要一張卡，在北北基桃都能通行。 首都通交通月票1200元的推動，不僅一卡式有效整合，更將能夠降低國道通勤車輛數量，減少交通事故、減少塞車情形下，希望透過這個方式，鼓勵大家使用大眾運輸工具。 這次，我們北北基桃共同提出交通月票1200元政策，希望讓首都圈交通更方便、更好生活；未來，台積電也即將到桃園設廠，我會繼續努力，希望未來交通月票服務範圍，可以擴大到新竹、苗栗，完成整合北台灣生活圈的區域治理。讓運鵬做市民朋友的靠山，我會繼續拚，請大家放心將桃園交給我！ #首都通交通月票1200元 #桃園正進步 #進步不回頭 #放心有我在 #票投鄭運鵬,0,0.0,0.0,1.0,1.0,0.0,"4, 5"
賴香伶,2022-09-25,https://www.facebook.com/100046959711590/posts/619353686306616,選舉剩60天。 感謝桃園市民們對我的支持。昨晚一個爸爸牽著兩歲的孩子跟我打氣加油說「台灣不能再這樣耗下去，為了下一代我一定會投你的。」,0,0.0,0.0,0.0,0.0,1.0,6
賴香伶,2022-11-26,https://www.facebook.com/100046959711590/posts/665179661724018,各位同仁、志工朋友大家辛苦了！ 桃園這場選仗我們大家一起從零開始努力，一起走到了現在，謝謝大家在這段時間的努力與付出。我們都是一群政治素人，沒有大量的政治資源，沒有富麗堂皇的競選辦公室，沒有無窮無盡的資源，所有的選票，都是靠著一步一腳印，一雙一雙手去走出來的。或許，我們開出來的選票不盡理想，沒有達到大家的預期目標，我也深知還有要努力的地方。 但我也想跟所有投給我的市民朋友、所有的市議員候選人說，我們沒有輸，我們是一群勇於承擔藍綠之外新政治的一群人，未來的路還很長，我們只要一起努力，希望還是無窮的。 辛苦大家了，也謝謝大家，未來我們再一起加油！,0,0.0,0.0,0.0,0.0,1.0,6
賴香伶,2022-06-19,https://www.facebook.com/100046959711590/posts/553788802863105,#桃園前進 #香伶騎步走 621 起步走 藍綠市長桃園市長提名人都已底定，在黨內有眾多競爭者時，只有 #台灣民眾黨 透過 #黨員投票、#民調 決定提名人選，不是少數人 #黑箱作業 決定提名人，在已經高度民主化的台灣，兩大黨的做法讓人覺得不可思議。香伶經初選提名後，在基層拜訪過程中，獲得許多好朋友、新朋友的鼓勵支持，深深感謝。 為了展現我們將與桃園人 ＃共下打拚 #作伙打拼 的決心，我們將展開 桃園前進、香伶騎步走 活動，希望大家一起來騎腳踏車 #行走桃園 ，共下來 感受土地的氣息，傾聽人民的聲音。 集合時間：6月21日上午9:00 地點：桃園火車站舊址前廣場（長壽街與大同路口旁Ubik 租借處） 選擇 #桃園火車站舊址廣場 出發，是因為這裡象徵桃園新舊城區發展的交會點，#桃園鐵路地下化 工程正在進行，#桃園捷運綠線工程 還在施工，這裡是許多桃園人每天進出的交通要地，但火車站舊址廣場周邊店面許多已歇業、拉下鐵門，桃園的未來如何振興？需要一個願意彎下腰、傾聽人民聲音，與大家共下打拚的市長！我，賴香伶，已經準備好了！桃園的未來發展從這裡出發，我們要讓 桃園前進！創造桃園未來的光榮歷史，讓我們一起向前行、作伙打拚，讓桃園成為下一代桃園人的驕傲。 週二行動出發時也將舉行記者會，公布競選主視覺，我也會發表競選演說，目前已得知不少好朋友會來，在此先謝謝各位的熱情支持，讓我們一起 #與伶同行，走向桃園的美好未來！ #桃園市長選舉 #市長參選人賴香伶 #我信賴賴香伶 立即追蹤我的 Instagram 和 YouTube 頻道😃 https://linkby.tw/hsianglinlai,0,0.0,0.0,1.0,1.0,0.0,"4, 5"
賴香伶,2022-09-09,https://www.facebook.com/100046959711590/posts/607992634109388,今天上午台北市長 柯文哲 特別帶我們參觀在台北市花博增豔館舉辦的 #城市博覽會 ，活動中可以看到機關首長與市長的用心，展覽區有許多令人讚嘆的地方，展期到九月十一日為止，還有幾天時間，歡迎大家來參觀。 當初柯市長透過 公開遴選方式，我才有機會進入台北市政府勞動局服務，這次活動也展示了如何將 開放政府 理念，具體落實在市政建設中。 柯市長花了許多時間介紹 #社會住宅推動的情況。對桃園來說，我最在意的就是社會住宅興建、市場改建，我們桃園有非常多的 #傳統市場 都可以精進、調整，社會住宅興建，政府也必須積極找地，都需要桃園市政府來努力推動。我提出的一站一社宅，未來也會智慧化，也會在綠建築上引導產業推動，這都是桃園可以從台北借鏡之處。 此外，#參與式預算 也是值得借鏡，它可以讓市民的好點子，讓公務員知道，也可以在政策平台上具體來執行，所以我也提出「開放政府」政見，希望把參與式預算精神融入。我也期待能夠編列相關預算在區里建設裡面，就是類似參與式預算平台，不論是公園或區里建設的優化，都可以藉由市民的好點子。 在展覽中，我看到北一女學生提出了「循環杯」構想，讓參與外送平台的商家能使用「#循環杯」、減少垃圾，包括點午餐等都可以納入，就顯示只要藉由市民的智慧，可以幫忙推動環保的垃圾減量。我也期待桃園的市民朋友未來可以給我、市政府好點子，做到到大家都可以參與市政的環節。 台灣民眾黨陳琬惠 楊寶楨 Christina 黃瀞瑩 張志豪 陳宥丞 林珍羽 吳怡萱 張幸松 陳思宇 #一站一社宅 #參與式預算 #開放政府 #賴香伶政見,1,0.0,0.0,0.0,0.0,0.0,1
賴香伶,2022-06-30,https://www.facebook.com/100046959711590/posts/561371605438158,我確診了，抱歉。 昨天跑完行程回家時，頭昏腦脹、發燒，快篩呈現陰性，倒頭就睡。 昏睡到早上，還是不舒服，快篩後出現兩條線，上午已預約線上看診，準備居家隔離。 這幾天和我見面的朋友，我在除了吃飯和喝水時間之外，無論室內外的行程都有確實戴好口罩、時時消毒雙手，很抱歉，造成你們困擾。 這幾天已約定見面的朋友，很抱歉必須取消行程，包括「香伶騎步走」活動將延期，再次抱歉造成大家不便。 我會在家好好休息，康復之後再與各位見面。,0,0.0,0.0,0.0,0.0,1.0,6
賴香伶,2022-11-16,https://www.facebook.com/100046959711590/posts/658062632435721,許多朋友問我有關近日來的爭議，我有些話想跟大家說。 首先，我尊重檢調的調查，事情真相如何，最後一定會給大眾交代。 在國會，各委員辦公室間不瞭解彼此運作模式，我也不願在不瞭解、不確認事實的情況下妄下評論。 我瞭解選舉攻防在所難免，但用這種方式攻擊在野黨或個別候選人，形式上好像在追究一個真相，實質上就是在打擊在野黨，我對這種選風感到悲哀。 我非常肯定國會助理的專業及辛勞，如果覺得不公或委屈，申訴管道和平台都建置非常完善，爭取自己的權益理所應當，但以在網路上帶風向或是透露給特定媒體，對正規的管道反倒棄之不用，不是很好的做法。 我所有的助理都是個人聘用，有寫法案質詢的、負責選民服務的，當然也有負責委員會事務，與各黨團聯繫的。我派一位專責助理與黨團共同協作，不是什麼假人頭領錢給黨，更不是聘人當黨工。助理們很辛苦，他們在立院的工作成果都是事實非常容易查證。有任何需要公開揭露的資訊，我亦義不容辭，相信以訛傳訛的謠言，終會不攻自破。 選舉倒數最後十天，我更希望選舉攻防能著重在怎樣讓市政更好、更貼近市民的需求，而不是用「詐領」二字，抹滅所有國會助理的專業。,0,0.0,0.0,0.0,0.0,1.0,6
賴香伶,2022-09-22,https://www.facebook.com/100046959711590/posts/616979226544062,黃鐘毀棄、瓦釜雷鳴 虹安的一句失言，讓民進黨原本想用論文烏賊戰來混淆視聽，在一日之間操作成為「傲慢的菁英」與社會庶民對立，我不得不承認民進黨實在是很會選舉。 虹安不是那樣的人。我認識的她認真嚴謹，而在失言後當天就道歉，是經得起公眾的考驗。當她全力應付烏賊戰當時，一句失言再經過政治加工，透過媒體與網軍立刻把她扣上「傲慢的菁英」的帽子。 民進黨是「很會選舉」。但時過境遷，從過去的掌握民心追求尊嚴的選舉方式，如今已經成為扣帽子煽動打擊政敵的仇恨式選舉。「割喉戰」一詞出現之後民進黨的選舉方式變質了。 一句古語提醒民進黨操盤選舉的團隊：「黃鐘毀棄，瓦釜雷鳴」。不斷用骯髒的手法打擊黨內黨外有良知的人，放任政治打手在那邊吹喇叭號召社會大眾，只會讓台灣處處充滿「背骨」「同路人」仇恨漫天、協商式的政治成為你死我活、有良知的人因恐懼選擇沉默、真正社會問題被忽視掩蓋，以致施政方針產生重大偏差，後果可想而知。 聲援虹安，我想再強調一次「黃鐘毀棄，瓦釜雷鳴」，並不只是古成語政治亂象的形容，而是國政崩毀前夕的警語，盼上位者以及有志於政治的工作者深思。 #虹安，加油！,0,0.0,0.0,0.0,0.0,1.0,6
賴香伶,2022-07-26,https://www.facebook.com/100046959711590/posts/578852290356756,富邦悍將外野手林哲瑄，23日在新竹棒球場飛撲時受傷，去醫院接受核磁共振檢查，結果是左肩關節唇破裂，可能需要開刀，本季恐怕報銷。 稍早我已請辦公室同仁致電富邦悍將球團總機，針對球場設施安全不足、造成球員受傷，特別是未完成驗收就開打，是否涉及行政責任歸屬，我們也願意提供哲瑄 #申請國賠 相關協助，並已留下後續聯繫方式。 新竹棒球場在開賽前沒有驗收、安全存在疑慮，這些都是球場職業安全的基本問題，不該由球員自己承擔，我和我辦公室的法務同仁，會積極提供協助。 哲瑄是職棒不可多得的好手，對於他的傷勢，我感到非常遺憾，希望大家一起幫他加油打氣，祝他平安、早日康復。,0,0.0,0.0,0.0,0.0,1.0,6
林智堅,2022-04-22,"https://www.facebook.com/100044317932312/posts/538446930975900
",中央流行疫情指揮中心今天(4/22)公布，新竹市新增23名確診個案。 其中7例屬居家隔離期間採檢確診，8例新增個案尚在疫調中，其餘8例為確診者的密切接觸者或有相關活動史，有1例個案曾參加阿妹演唱會，出現症狀後採檢確診，有2例為校園相關案例，今日共有21校停課、3校復課。 提醒大家，盡快打滿三劑疫苗，才能守護彼此的健康！如果出現疑似症狀或與確診者足跡重疊，皆可到 ＃國軍社區篩檢站 免費採檢。 周末假日即將到來，市民朋友如果出門到外，務必全程把口罩「戴好戴滿」，更要勤洗手，一起做好防疫工作！,0,0.0,0.0,0.0,0.0,1.0,6
盧秀燕,2022/8/17,https://www.facebook.com/100044147541030/posts/642876773860568,堅持前行，台中會贏 秀燕今天獲得提名，力拚台中市長連任！ 秀燕是媽媽，天下做母親的，心裡期盼都一樣，就是全家幸福安康。 秀燕做市長，也是一樣的盼望，台中是我的家，市民就是我的家人。 市民期待的每件小事，就是秀燕心中的大事， 努力推動，努力實現，讓台中變幸福城市。 有人說，回顧過往三年多，全台都遇到新冠肺炎疫情大考驗，台中好像很平穩，但事實上，台中面臨多次危機考驗，我與台中隊同心協力，度過這些難關： 2020台灣燈會，沒有縣市願意承接，台中一肩扛起，在一邊防疫，一邊辦燈會的情況下，台中仍創造破千萬人次的賞燈成績。 13年無法貫通的「大智路」，歷任3任市長、４次流標的「綠美圖」，台中人等了20年的「水湳國際會展中心」，都在秀燕團隊積極溝通協調，爭取議會支持下順利開工，為台中再發展奠定基礎！ 台中遇到百年大旱，市民配合節源，市府努力開源，攜手度過難關。 台中捷運車廂斷軸，我們果斷處置，通車至今，將邁向千萬人次搭乘。 疫情爆發初期，中央急著找縣市安置第一批返台的台商，台中協助中央，讓我們國人平安回家。 疫情進入社區，台中優先設立前進指揮所，市府防疫部隊趕赴熱區，火速阻斷傳染鏈。 疫情襲擊台灣，台中第一時間開設社區快打站，定點開設、不用預約，至今台中市每一劑的疫苗覆蓋率都是優於全國。 外界對台中的空品印象不好，但今年空品已達國家標準，上半年到7月底更是優於國家標準的15微克，僅僅14.1微克，空污改善有成效，我們會持續努力，讓市民呼吸好空氣。 過去這3年多，我們正是遭遇這麼多危機考驗，讓秀燕與台中隊更堅定守護我們的家園，因為「越是嚴峻的考驗，我越在市民身邊」 守護台中，就是我的堅持！,0,0.0,0.0,0.0,0.0,1.0,6
盧秀燕,2022/8/18,https://www.facebook.com/100044147541030/posts/643551963793049,市長、議員聯合提名，今天台中隊正式成軍！ 三年多來，市議會認真監督秀燕，為市民看緊荷包，國民黨的議員都很厲害，把秀燕與市府團隊盯緊緊，感謝議會的大力支持，一起讓台中有感進步。 台中市多項建設一一動工、完工，堅守財政紀律，可舉債額度成長幅度達323%，尚可舉債額度與107年時相比，大幅增加可舉債空間，財政改善成績，六都第一。 感謝 朱立倫 主席、胡志強 市長、 好立委 楊瓊瓔、 江啟臣 委員、 顏寬恒 委員、議長張清照、 顏莉敏 副議長，和所有議員候選人，與秀燕一起共組「台中隊」。 我們是為市民 #拚好日子 的團隊，市民期待的每件小事，都是我們台中隊心中的大事，努力推動，努力實現。 只要台中好，台灣會更好！,0,0.0,0.0,0.0,0.0,1.0,6
盧秀燕,2022/8/18,https://www.facebook.com/100044147541030/posts/643634880451424,大家應該認得梓展局長。他算是市民的老朋友了，在疫情嚴峻時，他親上火線，防範疫情。 昨天中央政府一次頒給衛生局8大獎項。這些肯定，也是要給予所有一同防疫的人員，作為市長，我很榮耀，台中有如此精實的防疫團隊。 疫情高峰期，梓展局長領導防疫團隊，蠟燭多頭燒，市民的醫療需求、醫療院所的防疫資源、與中央協調疫苗、採購快篩，所有的需求都湧向衛生局，壓力非常大。 我永遠記得在記者會上，哽咽的說出基層防疫人員，不怕艱難，確診了、病倒了，仍堅持要在家上班，為市民服務，讓我們平安的度過疫情。 台中市一次獲得8大獎項，我為全體協助防疫的人員驕傲，因為大家專業、認真，受到市民與中央肯定，也要再次感謝市民，在疫情期間配合防疫政策，一同守護台中。 秀燕要感謝衛生局、民政局、教育局、環保局、社會局、警察局、消防局等局處，更要感謝全體醫護、藥師、市民與防疫團隊，你們都是台中英雄！,0,0.0,0.0,0.0,0.0,1.0,6
盧秀燕,2022/8/19,https://www.facebook.com/100044147541030/posts/644299407051638,台中勇警聯手緝獲 #柬埔寨人口販運 犯罪集團成員！ 台中勇警與刑事局、屏東縣警、移民署聯手偵辦，今天將涉嫌人口販運的3名嫌犯逮捕。 打擊犯罪，守護市民，我對台中勇警有信心。 近日，有許多青年朋友受到海外高薪廣告誘騙，落入人蛇集團的詐騙陷阱，市民朋友務必要相互提醒，顯非相當的報酬，很有可能就是詐騙。 擔心「求職詐騙」可以打165反詐騙專線查證，或是直接尋求台中「就業服務處」的協助。 如果身邊的家人有類似的遭遇，請直接向警察局報案，台中勇警必儘速偵處並依法究辦，打擊不法。,0,0.0,0.0,0.0,0.0,1.0,6
盧秀燕,2022/8/19,https://www.facebook.com/100044147541030/posts/644414667040112,明天我們相約出門，一起陪孩子看戲！ 暑假的尾聲，我們特別邀請了 紙風車劇團 在烏日高鐵站，戶外首演《哪吒鬧龍宮》，很榮幸紙風車30週年大戲，首次戶外演出就在臺中。 《哪吒鬧龍宮》 結合真人演出與布袋戲搭配的創新概念 更用現代投影與傳統北管呼應節結合 把雋永的民間傳奇故事用嶄新的詮釋 除了讓孩子能一睹傳統文化之美 更能在故事中了解人與人彼此守護的重要性❤️ 我們一直努力打造大臺中為文化城🎁歡迎大家一起大手拉小手，出門看戲，支持文化活動。 🍄時間：8/20日(六)晚上七點 🍄地點：高鐵臺中站站前廣場(鄰高鐵三路) 😷演出場地內禁止飲食，保護別人也保護自己，看戲請全程佩戴口罩，感謝大家配合!,0,0.0,0.0,0.0,0.0,1.0,6
盧秀燕,2022/8/20,https://www.facebook.com/100044147541030/posts/644860696995509,守護台中，我堅持。 守護言論自由，我支持。 台中是文化城，台中人在文學、音樂、電影，許多的藝術創作中，有著驚艷世界表現，這是因為我們生長在台灣言論自由的沃土上。 充滿文化力的台中人若失去言論自由的沃土，如同「根不落土」將無法再次百花綻放、美豔動人。 隨著時代的進步，現代網路論壇、社群媒體已是創作者重要的發表場域，若要立法管制數位平台，秀燕必須呼籲中央政府要站在使用者的立場，傾聽社會的聲音，讓創作者在網路上仍能暢所欲言，自由創作。 秀燕清楚知道網路快速傳播的特性，違法、錯假的資訊如同病毒擴散，已經讓我們付出許多了社會成本，但務必要對民主制度與國人智慧有信心，人民已從過去的經驗中逐步產生抗體，言論自由才是台灣社會最好的疫苗。 #數位中介服務法,0,0.0,0.0,0.0,0.0,1.0,6
盧秀燕,2022/11/9,https://www.facebook.com/100044147541030/posts/705039747644270,#經濟指標 #六都第一 秀燕上任前，喊出台中富市3的概念，希望能讓市民「安居樂業」，台中的經濟發展，攸關每個人的生計，關係每個產業的續存。 根據最新資料顯示，即便有疫情因素，台中今年第3季經濟表現仍很好，有11項經濟指標奪得「全國第一」！這次新入榜的指標有兩項，商業登記家數、資本額成長率，也是六都第一。 秀燕很重視的「台中購物節」，去年在疫情的重創下，更是取得291億元的佳績，成功帶動民間消費，是全國含金量最高的購物節。 秀燕上任來，努力招商引資，金額已突破2兆5百餘億元；上半年的失業率3.6%，六都最低，勞動參與率61.5%，是台中市歷史新高。 台中是秀燕的家，我們一起在台中打拚經濟，創造幸福進行市。 #燕子政績,0,0.0,0.0,0.0,1.0,,5
盧秀燕,2022/11/10,https://www.facebook.com/100044147541030/posts/706286874186224,#大智路打通 #燕子政績 有時跑行程，經過這裡，還會隨手一拍，這裡已跟從前不一樣。 大智路打通問題，曾被外界揶揄不可能，甚至發生激烈陳抗，秀燕上任後，拿誠意換同意，沒有住民抗議，取得了「大智慧學苑大樓」的住戶首肯，被外界稱為「全台最大住商拆遷案」典範。 大智路打通後，讓火車站前、後站，更加貫通，節省用路人的繞道時間，帶動當地的繁榮發展。13年未解的難題，秀燕要感謝整體市府，當地住民，我們一起努力，把不可能扭轉成功，你們都是城市英雄。 再給秀燕四年，我們一起攜手，讓台中更不一樣。,0,0.0,0.0,1.0,,1.0,"4, 6"
盧秀燕,2022/11/13,https://www.facebook.com/100044147541030/posts/708339083981003,台中是秀燕的家，市民就是我的家人。 將近4年的時間，越來越多的市民朋友稱呼我為媽媽市長。 我很感動、我很感謝，媽媽市長的稱呼，對我而言是「無上的光榮」。 市民肯定秀燕做「媽媽市長」，讓我更堅毅照顧好台中。 #天下的媽媽都是一樣的 ❤️媽媽是勇敢的 當危機來的時候守護這個城市。過去四年碰到兩個大災難，第一個是百年大旱，市府即時調度水源度過危機，第二個是撼動全球的新冠疫情，超過200場防疫直播記者會，希望讓市民因為「媽媽在家」而感到安心，台中首創快打站，總共開了超過5000場、服務將近200萬人次，因為唯有長輩健康，兒女才能安心，城市才能維持如常運轉。 ❤️媽媽是有信用的 「開不了工要開工、完不了工的要完工」是我對市民的承諾。大智路打通，13年難題解決了。捷運綠線蓋了十幾年，去年通車了。中央公園是全國最大在市中心的公園，老人健保補助和生育津貼提高也做到了，過去不可能的任務，媽媽會想辦法完成，用媽媽的魔法，盡全力幫市民圓夢。 ❤️媽媽是包容的 我們施政不分年齡、不分地域、不分黨籍，聆聽民意。希望台中永續發展，每個好的建議，只要對台中好，我們一定兼容並蓄。我們首創國民暨兒童運動中心，希望讓孩子也能享受到舒適的場館，加上150座美樂地共融公園，孩子、長輩、身障朋友都能在台中感受到市府的關心。 ❤️媽媽是公平的 對秀燕來說，手心手背都是肉。秀燕對每個區域都是公平的，原市區的市政路延伸、屯區的太平市民大道、海線的溫寮溪聯外道路、山城的東豐快復工，我們施政不分地區、不分藍綠，市民的需要，我們都會努力做。 為母則強，秀燕會讓台中持續走在良善的道路上。今年我們要為下一代樹立善良的典範，懇請所有市民與盧秀燕一起攜手守護台中，11月26日請出門投票，支持真正守護台中的人。 議長張清照 江啟臣 好立委 楊瓊瓔 顏寬恒 陳政顯 為民說話-吳瓊華 黃健豪-北屯漸好,0,1.0,1.0,1.0,,1.0,"2, 3, 4, 6"
盧秀燕,2022/10/30,https://www.facebook.com/100044147541030/posts/698655348282710,東豐快速道路，歷經了太多曲折。 再次開工，我們都要一起拚完工。 東勢豐原快速道路從胡市長時代開始動工興建，因為換了市長就被迫停工。 興建到一半的橋樑停在大甲溪上，從東勢大橋經過，遠遠就能望見斷橋，今天我們終於能跟斷橋說再見。 921地震時，因為台3線中斷，山城地區居民難以搶救，遺憾不能重演，東豐快就是救災救難的「生命線」，也是促進地方發展、便利山城居民往來的「生意線」，我們一定要興建。 秀燕上任時，「東豐快」預算被中央收回、環境影響評估也被撤銷。沒錢、沒環評，等於一切必須從頭再來一次。 台中優質的建設團隊，將拆遷戶數破百戶降低至2戶，同時辦理復工、重啟環評，因停工延遲多出來數十億的費用，由市府先自掏腰包墊付，並請託 江啟臣 委員 向中央爭取預算，多路並進加速復工作業。 歷時3年，今天順利發包復工。 今天開工，不能再停工，我們一起拚完工。,0,0.0,0.0,1.0,,1.0,"4, 6"
盧秀燕,2022/9/8,https://www.facebook.com/100044147541030/posts/658311688983743,🌕中秋連假，真的要「芭比Ｑ」了！🍗🥓🍢 中秋是一家團圓的時刻，秀燕先祝福大家中秋節快樂。 今年想要BBQ的朋友，可以前往「清水區鰲峰山公園烤肉區」及「北屯區中正露營區」烤肉。其餘公園、綠地與園道等公共場所，均不開放烤肉及野炊喔！公共環境要靠大家一起維護，感謝市民朋友的配合。 秀燕還要提醒大家，務必遵守防疫規範： ⚠️除拍照用餐外，全程佩戴口罩 ⚠️不得逐桌敬茶敬酒 ⚠️未接種疫苗之長者、幼兒，不建議參加 ⚠️如有症狀請勿參加烤肉聚會 遵守防疫規範能保護自己也保護家人，共度美好中秋佳節🥮,0,0.0,0.0,0.0,,1.0,6
盧秀燕,2022/10/14,https://www.facebook.com/100044147541030/posts/686328769515368,十全十美｜守護下一代是我們共同的承諾 回顧執政3年多，我們累積「女性執政」的經驗，證明女性不只可以守護家庭，還可以守護一座城市。 女性執政的溫柔、細心、守護、堅持、勇敢，而且具有同理心，當全球面臨疫情，我們沒有停下建設的腳步，一方面防疫，一方面不斷建設，台中更是首創疫苗快打站、防疫前進指揮所，證明女性能把自己的家顧得很好。 從省議員、立委，秀燕經歷九次選舉，很可惜今年是抹黑最嚴重的一年，有人說媽媽只會「送往迎來」，還有人說「媽媽市長只顧柴米油鹽醬醋茶」，更有人批評秀燕是「不稱職的媳婦」，這些用傳統觀念綁架、惡意攻擊，抹煞女力執政的努力。 感謝來到現場的朋友，也感謝線上觀看的朋友，用行動為我們加油，讓我們確信，侮辱性的批評，台灣人不會認同，只會讓我們更堅定，更勇敢、更團結。 10位女性參選的縣市首長同台，象徵的「十全十美」，堅持正面選舉，給下一代民主的榜樣，證明女性能夠守護城市、守護台灣、守護下一代。 這一次，我們勇敢投票。 這一次，我們為自己投票。 這一次，我們為台灣更好投票！ 我是盧秀燕。 守護台中，我堅持。 守護台灣，我們一起走！, ,,,,,1.0,6
盧秀燕,2022/11/3,https://www.facebook.com/100044147541030/posts/701440821337496,"下次聽到「孩子會帶財」不要急著翻白眼！ 在台中，孩子真的能帶財。 我們推動 #囤房税，落實居住正義，稅收就用在青年身上。現在扶養一名0-12歲的子女，市府提供4000元房屋租金補助，以此類推最高補貼至1萬2,000元。 這次的租屋補貼，我們決心一定要發到爸爸媽媽手上。市府會調查符合資格的年輕爸媽，主動通知符合補貼資格，收到確認函後可以在線上回覆申請意願，即可完成申請。 台中的孩子，市府跟你一起養。 除了租屋補貼，市府還有 ✅生育津貼 ✅托育補助 ✅育兒津貼 ✅達成公托公幼倍增 ✅全市12座親子館 更多的福利措施，可以前往 #社福便利站 了解。 📡台中市府做你育兒的後盾： https://i-welfare.taichung.gov.tw/people/index ☎️育兒租屋補貼請洽： （04)22289111 #64601~64605",1,1.0,,,,,"1, 2"
盧秀燕,2022/10/28,https://www.facebook.com/100044147541030/posts/696813011800277,這條橋，讓我們更靠近。 大肚和美大橋，民眾期待十年。在中央、台中、彰化共同的努力下，終於迎來動工。 台中大肚到彰化和美，中間隔了一條烏溪，兩邊繞行，要30分鐘到時間，橋梁開通之後，未來往來大肚和美只要2分鐘即可到達。 建設紓緩鄰近的交通，更重要的是車潮、人潮也意味著錢潮，帶動這台中、彰化兩縣市的民眾更好！ 長達1.6公里的大橋興建不易，感謝 顏寬恒前立委多年來不斷奔走，爭取經費。還要感謝 王惠美縣長與台中、彰化的公務同仁在全國缺工缺料的挑戰下順利開工，更要感謝中央政府，與地方齊心為我們國人拚出更好的生活！, ,,,1.0,1.0,1.0,"4, 5, 6"
盧秀燕,2022/10/22,https://www.facebook.com/100044147541030/posts/692500008898244,從白天到黑夜，秀燕今天總共跑了8場競選行程，現在還在回家的路途中，有人說這是「鐵人行程」，但我不以此為苦。 記得很清楚，4年前剛開始競選非常辛苦，跟我同時參選的議員候選人與秀燕一起努力，齊心翻轉台中，仔細討論如何經營台中，聯合推出共同政見，為台中錨定符合民意的新方向。 當時 張善政院長，也是秀燕競選時的重要夥伴，到台中用曾任行政院長的高度，幫助我爭取更多台中市民的認同。 選舉結果出爐，秀燕與議員的聯合政見，受到市民的肯定，當時的聯合政見例如恢復長輩健保補助、青年社會住宅、公托公幼倍增、兒童國民運動中心已經從參選政見，成為現在台中的新樣貌。 4年來受過太多人的幫助，這一次我與善政都在競選直轄市長，台中優質的市議員也正在拚搏市民認同，我們就是為民眾 #拚好生活團隊。 秀燕請託大家，如果認同我們過去四年累積的成績單，請給我們再一次的肯定，1126用選票拚好生活，用選票挺善良！,1,1.0,1.0,,,1.0,"1, 2, 3, 6"
謝龍介,2022/9/7,https://www.facebook.com/100044147934163/posts/652213342926924,生育津貼六都最少，產檢補助門檻太高 台南市人口持續減少，主要原因之一就是生育率太低，但是台南市的生育津貼卻只有其他五都的一半，產檢補助門檻又太高，看得到，吃不到。 以生育津貼來說，台灣生兩胎的家庭最多，但台南市生第一胎、第二胎的補助卻最少，要生到第五胎才補助五萬元，試問現在有多少父母會生到第五胎？這種脫離現實的津貼政策，根本不是解決問題，不是造福市民，倒像是為了宣傳而宣傳，台南市政府竟然還沾沾自喜，編了順口溜說：「五燈獎，過五關，獎五萬」。 六都第一胎及第二胎的津貼，數字一比就知道，台南市都是最少： ⚠️第一胎補助 1萬元：台南市 2萬元：台北市、新北市、台中市、高雄市 3萬元：桃園市 ⚠️第二胎補助 1.2萬元：台南市 2萬元：新北市、台中市、高雄市 2.5萬元：台北市 3萬元：桃園市 此外，台南市現行的產檢補助門檻也極為嚴苛，相較於新北市直接補助孕婦28趟，每趟200元，台南市的孕婦如果想申請交通費補助，必須是懷孕20週以上且符合居家安胎者。每趟最高補助200元，補助上限金額為4000元，一次來回，就算兩趟。 謝龍介主張： 📌生育津貼第一胎3萬、第2胎起5萬元。 📌比照新北市，補助28趟產檢交通費，每趟200元。 #台南值得更好, ,1.0,,,,,2
謝龍介,2022/9/4,https://www.facebook.com/100044147934163/posts/650004899814435,台南市老人福利，長期是六都最差，昨天我向大家報告了，黃偉哲市長是如何推託，甚至還牽拖盧秀燕市長，又被打臉。今天我想向大家說明的是，民進黨是如何軟土深掘，一騙再騙。 今年，我宣布參選之後，強力主打全額補助老人健保費，台南市一定要追上其他五都，結果卻遭到黃市長冷嘲熱諷，殊不知，這是多數台南長輩們共同的願望。 7月9日，黃市長還在接受專訪時批評長者健保全額補助是「#大撒幣」、「這樣的政策賞味期很短」、「用了會上癮、上癮一段時間會麻木，劑量要一直增加」。結果，7月14日他就不得已「髮夾彎」，說從明年元月起也要補助。 但是，黃市長迫於民意的壓力，不得不跟進我的主張，卻還要死鴨嘴硬，還要欺騙百姓，民進黨宣傳說，這個被逼出來的補助方案，「比新北市好一點」。但事實上，#比新北市差得遠了，一比就知道： 台南市： ⚠️總所稅未達5％者： 65歲到79歲每人每年3000元 80歲到89歲每人每年4500元 90歲到99歲每人每年12000元 100歲以上每人每年20000元 ⚠️綜所稅5%到12%者： 每人每年1000元 新北市： 📌總所稅未達5%者： 全額補助 📌總所稅5%以上者： 65歲到79歲每人每年3324元 80歲到89歲每人每年4000元 90歲到99歲每人每年10000元 100歲以上每人每年20000元 簡而言之，黃市長是 #將新北市的排富門檻，#當成台南市的一般性適用，換句話說，台南長輩比起新北老人所享受到的補助，直接降了一個檔次！比起拒絕補助的無心又無能，混淆視聽，操弄話術，黃市長與民進黨，難道真把台南人都當成了朝三暮四的猴子，這麼好唬弄？ 讓謝龍介來做，補好補滿，童叟無欺，#這只不是荷包的問題，#而是尊嚴！, ,,1.0,,,,3
謝龍介,2022/11/22,https://www.facebook.com/100044147934163/posts/709425690539022,每個人年輕時打拚付出，年老時應該要受到照顧。龍介希望台南的「老人健保」可以免費，現在六都裡面就只有台南沒有，台南其實可以做得到。 龍介從政以來，不斷打貪揭弊，也督促自己不能官商勾結，對市民要忠誠，所以我想成立「馬上辦中心」，任何人都可以到市長室陳情，龍介不推拖，親自替市民收件交辦，不讓市政人員刁難市民。 台南少子化嚴重，年輕人不生孩子，怕養不起，因此龍介想鼓勵大家結婚生子，生育補助第一胎三萬、第二胎五萬，三歲以下尿布免費，陪你一起養小孩，減輕負擔，在我的心裡，幸福就是敢戀愛、敢結婚、敢生小孩。 台南的未來需要青年回鄉一起發展，用容積率換社宅，讓人人有房住，再推青年社宅二年免費，協助青年工作、創業，希望你們回來跟龍介一起經營台南，你們就是這裡的未來。 我是台南市長候選人 3 號 謝龍介 給我4年，讓你懷念40年！ 感謝 韓國瑜 徐巧芯 江啟臣 趙少康 馬英九 羅智強 朱立倫 童小芸競選團隊 支持！,1,1.0,1.0,,,1.0,"1, 2, 3, 6"
謝龍介,2022/6/22,https://www.facebook.com/100044147934163/posts/600814744733451,謝龍介據實稟告，誠懇請託，年底選戰，需要大家有錢出錢。 100元、500元不嫌少，1萬元、10萬元也不怕多，大軍未至，糧草先行，是行軍打仗的硬道理。否則，就怕落得巧婦難為無米炊，一文逼死英雄漢。 其實早在四月份，我就已經開設募款帳號，但是當時疫情方興未艾，很多鄉親，正跟病毒奮戰；很多市民，可能遭受衝擊，需要應急，需要復原，需要振興，我實在無法開口向大家募款。直到上週末，「#百廟祈福」啟動，途中好多熱情支持者，都説想要「#抖內」支持，團隊建議我，是時候了。 也不瞞大家說，相較於偉哲兄濫用市府資源輔選，連市場改建預算，都要錙銖計較能換到多少選票。謝龍介團隊就算還不到一窮二白，但若是再不籌集資源，只怕很快無以為繼，會被偉哲兄與民進黨國家機器拿錢，活活砸死。 任何一筆捐款，都不只是資源，還是意念，謝謝你願意相信，我絕對為你，拚到鞠躬盡瘁！ 隨文附上「出征版」與「懇託版」兩款募款圖，任君挑選，敬請分享轉傳。 #台南值得更好, ,,,,,1.0,6
謝龍介,2022/5/3,https://www.facebook.com/100044147934163/posts/566594761488783,兩名台大同學確診，被校方安排睡在校內地下室的帳篷裡，沒有衛浴，卻有蟑螂。故事與照片曝光，被網友笑稱簡直就是「末日求生」，但做為政治人物，實在是沒辦法把這當成趣聞，「#笑著笑著就哭了」。 教育部說，目前只有中重症學生可以住醫院、集中檢疫所，或防疫旅館，其餘輕症或無症狀的確診同學，都希望他們返家。如果是境外生，又或者是不便回家，住家無法居家照護的同學，才可以留校隔離。 之前，我分別針對孩童與老人，呼籲台南市政府應該提供高於指揮中心指引的醫療照護，結果「規則永遠追不上例外，計畫永遠趕不上變化」，大家都覺得大學生應該身強體壯，中重症機率不高，對他們疏於照顧，就出現了睡廚房，睡會議室，睡帳棚的窘境。 大專院校，由教育部管轄沒錯，但地方政府，也可以協助，例如提供防疫接駁，補助交通車資，或者安排隔離場所。台南市政府絕不能讓外地來唸書的子弟們委屈，我們的子弟們到外地唸書，不幸染疫了，想回家，就接回來，無處隔離，就安排。 別再上演「#類方艙」。 #台南值得更好, ,,,,,1.0,6
謝龍介,2022/9/15,https://www.facebook.com/100044147934163/posts/657360935745498,前一篇首談台南市交通沉痾，留言互動熱烈，從行人安全、道路品質，再到騎樓整平與管理，都有民怨，顯示這確實是台南鄉親的日常煩惱，會請團隊一一增補，陸續提出對策。 台南市的交通紊亂，不是沒有原因，除了假日的觀光人潮車潮以外，台南「私有運具擁有率」，遠超全國平均，但公共運輸的建設，別說六都排名，跟非直轄市比，都是後段班： ⚠️主計處發布《104年機動車輛及停車格概況》分析報告，台南市平均每百人擁有車輛102.89，遠高全國平均91.1輛。 ⚠️根據交通部2016年發布的統計資料顯示，台南市公共運輸市占率僅有6.7%，遠低於全國平均18.1%。 ⚠️台南市私人運具市佔率則高達 83.7%，高於全國的70.6%，僅次台東縣和嘉義市。 ⚠️2020年底數據顯示，台南市最仰賴私人交通工具，高達96.7％。 ⚠️台南市每十萬人酒駕數18.1件，遠高於台北的2.4件及新北市的5件 台南市至今，是唯一沒有捷運的直轄市，自行開車或騎車，就是台南人的日常，車多了，狀況與亂象自然也多。台南市的交通是結構性問題，市民沒有選擇的餘地，且開車與騎車的金錢與時間成本，遠低於搭乘公共運輸。於是在不增加開車，或機車族負擔的情況下，增加搭乘公共運輸的誘因，例如完善路網，增加班次，優化服務，補貼票價等，都必須做！ ⚠️讓市民自願地選擇公共運輸。 ⚠️讓旅客舒適地享受完善路網。 ⚠️讓行人安全地遊走大街小巷。 這三大目標，我明白，都不是一蹴而就，但已經拖延太久，一定要有人馬上開始，加速推動，先簡後繁，立即有感，我主張： 📌優化台南市公車路網。 📌嚴懲酒駕及危險駕駛，雷厲風行。, ,,,1.0,,,4
謝龍介,2022/9/30,https://www.facebook.com/100044147934163/posts/668700224611569,台南市警員不足，六都最少，消防員竟然也不足，也是六都最少！ 台南市政府甚至被監察院糾正，第一線消防員額懸缺多年未補，縣市合併初期，消防人員僅有886人，12年僅增加257人，去年達到1143人，但依舊是六都墊底，差距還不小，以2021年為例： ⚠️新北市2412人 ⚠️台北市1811人 ⚠️台中市1685人 ⚠️桃園市1600人 ⚠️高雄市1547人 ⚠️台南市1143人 不僅員額不足，人力老化，更是一大問題，根據內政部統計數據顯示，2021年台南市消防員25歲以下僅有4人，29歲以下合計62人，反觀其他五都都在百人以上，顯示年輕消防員不願意到台南市服務，29歲以下消防員人數與比例，台南市又雙雙再度墊底： ⚠️新北市597人，佔比24.72％。 ⚠️桃園市468人，佔比29.06％。 ⚠️台北市313人，佔比17.28％。 ⚠️台中市299人，佔比17.74％。 ⚠️高雄市123人，佔比7.95％。 ⚠️台南市62人，佔比5.42％。 人手不足，勤務過勞，可能是主因！台南市消防人員出勤總數在2021年排名六都第三，高達57057人次，結果近五分之一是由義消出勤，協助救災。我感佩義消勞苦功高，但正規消防員短缺至此，絕非正辦： ⚠️台南市消防出勤總數57057人次（六都第三），義消人次10477人次（六都最多），佔比18.36％（六都最高）。 ⚠️台北市消防出勤總數53268人次，義消人次2082人次，佔比3.9％。 ⚠️新北市消防出勤總數149160人次，義消人次5358人次，佔比3.59％。 ⚠️高雄市消防出勤總數44658人次，義消人次957人次，佔比2.14％。 ⚠️台中市消防出勤總數74650人次，義消人次1425人次，佔比1.9％。 ⚠️桃園市消防出勤總數55628人次，義消人次395人次，佔比0.71％。 因應大法官「釋字785號解釋勤休調整案」，今年6月1日起，消防員勤休制度全面實施兩班制（勤一休一，或勤二休二），這意味著台南市消防人力缺口會更大，對消防弟兄們的精力是無止境的消耗，對台南市民的生命財產也是冒險，我主張： 📌補足消防員額短缺。 📌加發消防危險津貼，激勵士氣，吸引人才。, ,,,,,1.0,6
謝龍介,2022/10/16,https://www.facebook.com/100044147934163/posts/681937629954495,有圖有片有真相，黃偉哲你看到了嗎？ 早在中秋節前夕，我就曾親自走訪麻豆農業倉庫，當面與農民溝通，親耳傾聽他們陳情文旦滯銷，踢爆台南市政府為了粉飾太平，竟然大買媒體業配，置入假新聞，說什麼「完銷」。 結果事實被我揭露之後，台南市政府的反應不是慚愧檢討，反而是說更多的謊，撒更多資源造假，使更大力道打擊提出問題的人！有農民替我打抱不平，說我只要來看一眼，就能拆穿台南市政府的謊言。 今天趁著「百廟祈福」行程間，我依約造訪，果然就看到了滿地落果，無人聞問，拿起一份最富含台灣價值的《自由時報》入鏡，是為了證明拍攝時間。 請問黃偉哲，你還要繼續用人民納稅錢，去買時段播那些假新聞，說麻豆文旦都「完銷」嗎？請你自己來看一眼，有這麼難嗎？, ,,,,1.0,1.0,"5, 6"
謝龍介,2022/11/23,https://www.facebook.com/100044147934163/posts/710050430476548,黃偉哲市長說「老人健保免費」是敗家政策，但六都的台北、新北、桃園、台中、高雄都已經實施「老人健保免費」。台南市一年有1000億預算，補助老人健保要大約18億，只要預算好好分配，龍介一定做得到，照顧老人絕對不是敗家。 另外，龍介希望鼓勵年輕人回台南發展，力推「006688，青年住宅兩年免費」，生育津貼第一胎三萬、第二胎五萬，三歲以下尿布免費...幸福是敢戀愛、敢結婚、敢生小孩，台南需要你們一起來經營，龍介也一定會照顧大家。,1,1.0,1.0,,,1.0,"1, 2, 3, 6"
